Title,Category,Published Time,URL
BSW fordert Abschaffung der Zusatzbeiträge für Krankenkassen: Pläne sind nichts als „Utopien“,http://www.merkur.de/wirtschaft,21:12:00,https://www.merkur.de/wirtschaft/bsw-fordert-abschaffung-der-zusatzbeitraege-fuer-krankenkassen-zr-93510009.html
„Ich muss mich verstecken“: Jüdische Menschen in Deutschland haben Angst,https://www.merkur.de/,21:12:00,https://www.merkur.de/politik/ich-muss-mich-verstecken-juedische-menschen-in-deutschland-haben-angst-zr-93510007.html
Kommunen verschicken Grundsteuerbescheide: Was Eigentümer in Bayern jetzt wissen müssen,https://www.merkur.de/,21:21:00,https://www.merkur.de/bayern/neue-grundsteuer-in-bayern-was-eigentuemer-jetzt-wissen-muessen-93510011.html
merkur,XXL-Panne legt Florian Silbereisens „Schlagerchampions“ lahm: Plötzlich geht gar nichts mehr,https://www.merkur.de/,21:22:00,https://www.merkur.de/tv/panne-florian-silbereisen-schlagerchampions-melissa-naschenweng-das-erste-tv-show-berlin-zr-93510013.html
merkur,Hochschwangere Prinzessin Sofia unternimmt kurz vor Geburt emotionale Reise,https://www.merkur.de/pna,20:11:00,https://www.merkur.de/boulevard/hochschwangere-prinzessin-sofia-unternimmt-kurz-vor-geburt-emotionale-reise-zr-93509698.html?trafficsource=pna
sueddeutsche,Tanker-Havarie - Havarierter Öltanker kommt auf Reede vor Sassnitz auf Rügen,https://www.sueddeutsche.de/panorama,20:16:17,https://www.sueddeutsche.de/panorama/tanker-havarie-havarierter-oeltanker-kommt-auf-reede-vor-sassnitz-auf-ruegen-dpa.urn-newsml-dpa-com-20090101-250111-930-341364
sueddeutsche,"Feuerkatastrophe in LA - Feuer in LA: Warnung vor Preiswucher, Betrug und Plündereien",https://www.sueddeutsche.de/panorama,19:59:36,https://www.sueddeutsche.de/panorama/feuerkatastrophe-in-la-feuer-in-la-warnung-vor-preiswucher-betrug-und-pluendereien-dpa.urn-newsml-dpa-com-20090101-250110-930-340919
sueddeutsche,USA vor Regierungswechsel - Biden ehrt Papst mit besonderer Auszeichnung,https://www.sueddeutsche.de/,20:29:03,https://www.sueddeutsche.de/politik/usa-vor-regierungswechsel-biden-ehrt-papst-mit-besonderer-auszeichnung-dpa.urn-newsml-dpa-com-20090101-250111-930-341499
sueddeutsche,Fußball-Bundesliga - Eberl: Vertragsangelegenheiten vor der Crunchtime klären,https://www.sueddeutsche.de/,20:11:36,https://www.sueddeutsche.de/bayern/fussball-bundesliga-eberl-vertragsangelegenheiten-vor-der-crunchtime-klaeren-dpa.urn-newsml-dpa-com-20090101-250111-930-341445
sueddeutsche,Kriminalität - Polizei stoppt bewaffneten Mann mit Warnschuss,https://www.sueddeutsche.de/,20:09:21,https://www.sueddeutsche.de/bayern/kriminalitaet-polizei-stoppt-bewaffneten-mann-mit-warnschuss-dpa.urn-newsml-dpa-com-20090101-250111-930-341496
sueddeutsche,FA Cup - Man City siegt 8:0 - 16-Jähriger debütiert für Liverpool,https://www.sueddeutsche.de/,19:53:19,https://www.sueddeutsche.de/sport/fa-cup-man-city-siegt-8-0-16-jaehriger-debuetiert-fuer-liverpool-dpa.urn-newsml-dpa-com-20090101-250111-930-341489
sueddeutsche,Maul- und Klauenseuche - Klarheit über Virustyp der Maul- und Klauenseuche,https://www.sueddeutsche.de/,19:51:17,https://www.sueddeutsche.de/wirtschaft/maul-und-klauenseuche-klarheit-ueber-virustyp-der-maul-und-klauenseuche-dpa.urn-newsml-dpa-com-20090101-250111-930-340926
sueddeutsche,Deutsche Handballer haben große Probleme im letzten WM-Test,https://www.sueddeutsche.de/sport,20:33:05,https://www.sueddeutsche.de/sport/handball-wm-testspiel-deutschland-brasilien-probleme-gislason-li.3181107
sueddeutsche,Der letzte Blick - Bilder des Wochenendes,https://www.sueddeutsche.de/sport,20:30:35,https://www.sueddeutsche.de/sport/der-letzte-blick-bilder-des-wochenendes-li.3181057
tagesschau,Sonderparteitag der SPD: Mit Bierdeckeln gegen Merz' Vorsprung,https://www.tagesschau.de/,20:34:25,https://www.tagesschau.de/inland/bundestagswahl/spd-parteitag-284.html
tz,Flixbus zeigt sich betroffen nach schwerem Busunfall auf A11,https://www.tz.de/welt/rssfeed.rdf,19:06:00,https://www.tz.de/welt/flixbus-zeigt-sich-betroffen-nach-schwerem-busunfall-auf-a11-zr-93509949.html
tz,Experten verraten günstigstes Urlaubsland Europas für 2025: „Vergleichbar mit Spanien und Griechenland“,https://www.tz.de/welt/rssfeed.rdf,19:01:00,https://www.tz.de/welt/experten-guenstigstes-urlaubsland-europas-2025-vergleichbar-spanien-griechenland-zr-93509946.html
tz,Fallschirmspringer landet ungewollt in Affengehege,https://www.tz.de/welt/rssfeed.rdf,18:43:00,https://www.tz.de/welt/fallschirmspringer-landet-ungewollt-in-affengehege-zr-93509936.html
tz,Flixbus auf A11 verunglückt – Zwei Tote und mehrere Verletzte,https://www.tz.de/welt/rssfeed.rdf,20:01:00,https://www.tz.de/welt/flixbus-a11-unfall-zwei-tote-mehrere-verletzte-reisebus-zr-93509880.html
tz,Bei tragischem Unfall im Urlaub: Felix aus Deutschland stirbt – für Familie „unbegreiflich“,https://www.tz.de/welt/rssfeed.rdf,18:56:00,https://www.tz.de/welt/bei-tragischem-unfall-im-urlaub-felix-aus-deutschland-stirbt-fuer-familie-unbegreiflich-zr-93509847.html
tz,Prinzessin Leonor startet lange und harte Seereise,https://www.tz.de/welt/rssfeed.rdf,15:48:00,https://www.tz.de/welt/prinzessin-leonor-startet-lange-und-harte-seereise-zr-93509831.html
tz,In Baden-Württemberg gibt es den einzigen Freizeitpark der Welt mit einem 2-Sterne-Restaurant,https://www.tz.de/welt/rssfeed.rdf,15:41:00,https://www.tz.de/welt/in-baden-wuerttemberg-gibt-es-den-einzigen-freizeitpark-der-welt-mit-einem-sterne-restaurant-zr-93509825.html
tz,Mieter sollten aufpassen: Spionage in Baden-Württemberg durch Rauchmelder?,https://www.tz.de/welt/rssfeed.rdf,15:22:00,https://www.tz.de/welt/deutscher-mieterbund-warnung-spionage-rauchmelder-vonovia-mietrecht-datenschutz-persoenlichkeitsrechte-zr-93509805.html
tz,Geschichte geschrieben: Kölner Karneval hat das erste homosexuelle Dreigestirn,https://www.tz.de/welt/rssfeed.rdf,15:18:00,https://www.tz.de/welt/der-koelner-karneval-hat-das-erste-homosexuelle-dreigestirn-zr-93509803.html
tz,"„Unverzeihlich“: Psychologin erklärt, wieso wir bei einem Partner bleiben, der uns schlecht behandelt",https://www.tz.de/welt/rssfeed.rdf,14:22:00,https://www.tz.de/welt/psychologin-erklaert-wieso-wir-bei-einem-partner-bleiben-der-uns-schlecht-behandelt-zr-93509765.html
tz,Nächster Ausbruch in Urlaubsregion: Österreich-Behörde schlägt Virus-Alarm,https://www.tz.de/welt/rssfeed.rdf,13:50:00,https://www.tz.de/welt/ausbruch-in-urlaubsregion-oesterreich-behoerde-schlaegt-virus-alarm-zr-93509732.html
tz,Baden-Württemberg beheimatet eines der schönsten Skigebiete Deutschlands,https://www.tz.de/welt/rssfeed.rdf,18:58:00,https://www.tz.de/welt/deutschlands-baden-wuerttemberg-beheimatet-schoensten-skigebiete-zr-93509649.html
tz,Hai tötet ZDF-Taucher – Produzenten teilen traurige Nachricht im Film,https://www.tz.de/welt/rssfeed.rdf,18:55:00,https://www.tz.de/welt/hai-toetet-zdf-taucher-produzenten-teilen-traurige-nachricht-im-film-zr-93509581.html
tz,Großwetterlage nahezu lahmgelegt: Meteorologe erklärt aktuelles Winter-Phänomen,https://www.tz.de/welt/rssfeed.rdf,10:34:00,https://www.tz.de/welt/grosswetterlage-nahezu-lahmgelegt-meteorologe-erklaert-aktuelles-winter-phaenomen-zr-93509571.html
tz,"Das ist Deutschlands einzige Buslinie, die übers Wasser führt",https://www.tz.de/welt/rssfeed.rdf,09:42:00,https://www.tz.de/welt/einzige-buslinie-deutschland-ueber-wasser-kurios-nahverkehr-zr-93509509.html
tz,Brände in Los Angeles: Zahl der Todesopfer steigt – Gesundheitsnotstand ausgerufen,https://www.tz.de/welt/rssfeed.rdf,14:42:00,https://www.tz.de/welt/braende-in-los-angeles-zahl-der-toten-steigt-gesundheitsnotstand-ausgerufen-zr-93509493.html
tz,Trump greift nach Grönland: So ist das Leben auf der größten Insel der Welt,https://www.tz.de/welt/rssfeed.rdf,07:30:00,https://www.tz.de/welt/trump-greift-nach-groenland-so-ist-das-leben-auf-der-insel-zr-93509438.html
tz,"Klima-Experte ist erschüttert – Copernicus bestätigt: 1,5-Grad-Erwärmungsschwelle 2024 erstmals überschritten",https://www.tz.de/welt/rssfeed.rdf,07:02:00,https://www.tz.de/welt/klimaexperte-erschuettert-copernicus-bestaetigung-2024-erste-jahr-erwaermungsschwelle-ueberschritten-zr-93509415.html
tz,Bedeutender Fund in der Antarktis: Entdeckung könnte „faszinierendes“ Eis-Rätsel endlich lösen,https://www.tz.de/welt/rssfeed.rdf,18:55:00,https://www.tz.de/welt/bedeutender-fund-in-der-antarktis-entdeckung-koennte-faszinierendes-eis-raetsel-endlich-loesen-zr-93509414.html
tz,Wie Flüchtlinge der Feuerwehr helfen können,https://www.tz.de/welt/rssfeed.rdf,06:37:00,https://www.tz.de/welt/wie-fluechtlinge-der-feuerwehr-helfen-koennen-zr-93509409.html
tz,Stöbern statt Streamen: Videothek-Comeback bei der Gen Z?,https://www.tz.de/welt/rssfeed.rdf,05:05:00,https://www.tz.de/welt/stoebern-statt-streamen-videothek-comeback-bei-der-gen-zr-93509398.html
tz,„Ein Wunder“: Haus von Filmstar James Woods überlebt Brände,https://www.tz.de/welt/rssfeed.rdf,02:54:00,https://www.tz.de/welt/ein-wunder-haus-von-filmstar-james-woods-ueberlebt-braende-zr-93509364.html
tz,Havarierter Tanker vor Rügen wird Richtung Osten gezogen,https://www.tz.de/welt/rssfeed.rdf,04:04:00,https://www.tz.de/welt/havarierter-tanker-vor-ruegen-wird-richtung-osten-gezogen-zr-93509363.html
tz,Hoffen auf „verbesserte Therapien“: Krebsforscher machen wichtige Entdeckung unter Mikroskop,https://www.tz.de/welt/rssfeed.rdf,06:17:00,https://www.tz.de/welt/hoffen-auf-verbesserte-therapien-krebsforscher-machen-wichtige-entdeckung-unter-mikroskop-zr-93508949.html
tz,Amok-Alarm an Grundschule in Berlin ausgelöst – SEK holt Kinder aus Gebäude,https://www.tz.de/welt/rssfeed.rdf,04:43:00,https://www.tz.de/welt/gebaeude-amok-alarm-grundschule-berlin-ausgeloest-kinder-zr-93508784.html
tz,Bis zu –15 Grad: Frostiges Wochenende in Deutschland mit eisigen Nächten – Wo die Glättegefahr am größten ist,https://www.tz.de/welt/rssfeed.rdf,15:45:00,https://www.tz.de/welt/bis-zu-15-grad-frostiges-wochenende-in-deutschland-mit-eisigen-naechten-wo-die-glaettegefahr-am-groessten-ist-zr-93508690.html
tz,Frank Fussbroich nimmt 50 Kilo ab: „Ich fühle mich wie ein neuer Mensch“,https://www.tz.de/welt/rssfeed.rdf,19:09:00,https://www.tz.de/welt/neuer-mensch-frank-fussbroich-ich-fuehle-mich-wie-ein-zr-93508644.html
tz,"Nachtclub weist Gäste ohne deutschen Pass zurück – „unglücklich“, sagt der Betreiber",https://www.tz.de/welt/rssfeed.rdf,06:17:00,https://www.tz.de/welt/nachtclub-weist-gaeste-ohne-deutschen-pass-zurueck-ungluecklich-sagt-der-betreiber-zr-93508540.html
tz,Klarheit über Virustyp der Maul- und Klauenseuche,https://www.tz.de/rssfeed.rdf,20:41:00,https://www.tz.de/wissen/klarheit-ueber-virustyp-der-maul-und-klauenseuche-zr-93509996.html
tz,24 Jahre ein Paar: Darum ist „Traumschiff“-Star Daniel Morgenroth trotzdem nicht verheiratet,https://www.tz.de/rssfeed.rdf,20:12:00,https://www.tz.de/stars/verheiratet-24-jahre-ein-paar-darum-ist-traumschiff-star-daniel-morgenroth-trotzdem-nicht-zr-93509985.html
tz,Verwunderung wegen Maite Kelly: Schlagerstar tritt trotz Ankündigung erneut im TV auf,https://www.tz.de/rssfeed.rdf,20:12:00,https://www.tz.de/stars/verwunderung-wegen-maite-kelly-schlagerstar-tritt-trotz-ankuendigung-erneut-im-tv-auf-zr-93509982.html
tz,Erste Vorschau auf Silbereisens „Schlagerchampions“: Tänzerinnen erstaunen mit ungewöhnlichem Outfit,https://www.tz.de/rssfeed.rdf,20:12:00,https://www.tz.de/stars/erste-vorschau-auf-silbereisens-schlagerchampions-taenzerinnen-erstaunen-mit-ungewoehnlichem-outfit-zr-93509944.html
tz,DEL2 im Liveticker: Selber Wölfe,https://www.tz.de/sport/rssfeed.rdf,17:45:00,https://www.tz.de/sport/wintersport/del2-im-liveticker-selber-woelfe-starbulls-rosenheim-12-januar-zr-93509893.html
tz,Wird Ridle Baku gegen Werder Bremen schon spielen?,https://www.tz.de/sport/rssfeed.rdf,16:41:00,https://www.tz.de/sport/fussball/wird-ridle-baku-gegen-werder-bremen-schon-spielen-zr-93509870.html
tz,Eisschnellläufer Dombek EM-Sechster im Sprint-Mehrkampf,https://www.tz.de/sport/rssfeed.rdf,16:19:00,https://www.tz.de/sport/wintersport/eisschnelllaeufer-dombek-em-sechster-im-sprint-mehrkampf-zr-93509860.html
tz,RB-Neuzugang bedankt sich bei seinem Ex-Klub,https://www.tz.de/sport/rssfeed.rdf,16:13:00,https://www.tz.de/sport/fussball/rb-neuzugang-bedankt-sich-bei-seinem-ex-klub-zr-93509853.html
tz,Los Angeles in Flammen: Meghan und Harry helfen unerkannt mit,https://www.tz.de/stars/rssfeed.rdf,20:11:00,https://www.tz.de/stars/los-angeles-in-flammen-meghan-und-harry-helfen-unerkannt-mit-zr-93509907.html
tz,Vater war dagegen: Madeleine und Chris O’Neill erfüllten Herzenswunsch seiner Mutter,https://www.tz.de/stars/rssfeed.rdf,20:12:00,https://www.tz.de/stars/vater-war-dagegen-madeleine-und-chris-neill-erfuellten-herzenswunsch-seiner-mutter-zr-93509874.html
tz,Nicht Marie Reim: Jetzt überholt dieser Schlagerstar Florian Silbereisen,https://www.tz.de/stars/rssfeed.rdf,20:11:00,https://www.tz.de/stars/nicht-marie-reim-jetzt-ueberholt-dieser-schlagerstar-florian-silbereisen-zr-93509845.html
tz,Feuer in Los Angeles: No-Angels-Star bangt um Haus – „Nicht versichert“,https://www.tz.de/stars/rssfeed.rdf,20:12:00,https://www.tz.de/stars/feuer-in-los-angeles-no-angels-star-bangt-um-haus-nicht-versichert-zr-93509740.html
tz,Hochschwangere Prinzessin Sofia unternimmt kurz vor Geburt emotionale Reise,https://www.tz.de/stars/rssfeed.rdf,20:11:00,https://www.tz.de/stars/hochschwangere-prinzessin-sofia-unternimmt-kurz-vor-geburt-emotionale-reise-zr-93509698.html
tz,Günther Jauch reißt bei „Wer wird Millionär?“ der Geduldsfaden: „Sie können mich mal“,https://www.tz.de/stars/rssfeed.rdf,20:11:00,https://www.tz.de/stars/guenther-jauch-reisst-bei-wer-wird-millionaer-der-geduldsfaden-sie-koennen-mich-mal-zr-93509697.html
tz,Harry und Meghan besuchen Betroffene der Brände,https://www.tz.de/stars/rssfeed.rdf,12:52:00,https://www.tz.de/stars/harry-und-meghan-besuchen-betroffene-der-braende-zr-93509684.html
tz,Nach durchzechter Nacht: So bekam Heidrun von Goessel ihren Job als Ansagerin,https://www.tz.de/stars/rssfeed.rdf,11:27:00,https://www.tz.de/stars/nach-durchzechter-nacht-so-bekam-heidrun-von-goessel-ihren-job-als-ansagerin-zr-93509621.html
tz,Eisenberg hadert mit bestimmtem Männer-Typus,https://www.tz.de/stars/rssfeed.rdf,11:18:00,https://www.tz.de/stars/eisenberg-hadert-mit-bestimmtem-maenner-typus-zr-93509606.html
tz,Wegen Feuer in Kalifornien: GNTM-Dreh verschoben – ProSieben äußert sich zu Starttermin,https://www.tz.de/stars/rssfeed.rdf,20:12:00,https://www.tz.de/stars/wegen-feuer-in-kalifornien-gntm-dreh-verschoben-prosieben-aeussert-sich-zu-starttermin-zr-93509536.html
tz,Prinz William begeht für Prinzessin Kate Traditionsbruch,https://www.tz.de/stars/rssfeed.rdf,09:01:00,https://www.tz.de/stars/prinz-williams-begeht-fuer-prinzessin-kate-traditionsbruch-zr-93509491.html
tz,Weil sie zu viel Wein trinkt: Günther Jauch ermahnt „Wer wird Millionär?“-Kandidatin,https://www.tz.de/stars/rssfeed.rdf,20:11:00,https://www.tz.de/stars/weil-sie-zu-viel-wein-trinkt-guenther-jauch-ermahnt-wer-wird-millionaer-kandidatin-zr-93509448.html
tz,"Ringo Starr rät seinen Enkeln, in einer Band zu spielen",https://www.tz.de/stars/rssfeed.rdf,07:58:00,https://www.tz.de/stars/ringo-starr-raet-seinen-enkeln-in-einer-band-zu-spielen-zr-93509446.html
tz,„Hatte davor große Angst“: Riskante Tumor-OP bewahrte TV-Star vor dem Rollstuhl,https://www.tz.de/stars/rssfeed.rdf,20:12:00,https://www.tz.de/stars/hatte-davor-grosse-angst-riskante-tumor-op-bewahrte-tv-star-vor-dem-rollstuhl-zr-93509421.html
tz,Zerstörerische Liebe: Der vorletzte Borowski-„Tatort“,https://www.tz.de/stars/rssfeed.rdf,05:14:00,https://www.tz.de/stars/zerstoererische-liebe-der-vorletzte-borowski-tatort-zr-93509400.html
tz,RTL hat es verboten: Dschungelcamp-Star darf Wunsch-Gegenstand als Luxus-Artikel nicht mitnehmen,https://www.tz.de/stars/rssfeed.rdf,08:04:00,https://www.tz.de/stars/rtl-verbot-dschungelcamp-star-gegenstand-luxus-artikel-mitnehmen-zr-93509312.html
tz,Der unerwartete Favorit der neuen „Let’s Dance“-Staffel wird enthüllt,https://www.tz.de/stars/rssfeed.rdf,20:11:00,https://www.tz.de/stars/der-unerwartete-favorit-der-neuen-let-dance-staffel-wird-enthuellt-zr-93509256.html
tz,Zwölf Jahre nach seinem Tod: Dirk Bach wird in Geburtsort besondere Würdigung zuteil,https://www.tz.de/stars/rssfeed.rdf,20:12:00,https://www.tz.de/stars/zwoelf-jahre-nach-seinem-tod-dirk-bach-wird-in-geburtsort-besondere-wuerdigung-zuteil-zr-93509142.html
tz,Verdacht bestätigt sich: 2025 sollte Königin Silvia weniger arbeiten,https://www.tz.de/stars/rssfeed.rdf,20:11:00,https://www.tz.de/stars/verdacht-bestaetigt-sich-2025-sollte-koenigin-silvia-weniger-arbeiten-zr-93509141.html
tz,„Bin dann mal weg“: Florian Silbereisen überrascht mit Ankündigung einer langen Pause,https://www.tz.de/stars/rssfeed.rdf,20:11:00,https://www.tz.de/stars/bin-dann-mal-weg-florian-silbereisen-ueberrascht-mit-ankuendigung-einer-langen-pause-zr-93508956.html
tz,„Bauer sucht Frau“-Urgestein ist vor den Traualtar getreten: Bei Inka Bause teilt er Einzelheiten,https://www.tz.de/stars/rssfeed.rdf,19:01:00,https://www.tz.de/stars/bauer-sucht-frau-urgestein-ist-vor-den-traualtar-getreten-bei-inka-bause-teilt-er-einzelheiten-zr-93508943.html
tz,Von Psychothriller bis Autobiografie: Die drei meistgekauften Bücher 2024,https://www.tz.de/leben/rssfeed.rdf,19:00:00,https://www.tz.de/leben/buchtipps/von-psychothriller-bis-autobiografie-die-drei-meistgekauften-buecher-2024-zr-93508163.html
tz,Nur Experten erkennen Bayerns neues Maskottchen: den „Helodrilus bavaricus“,https://www.tz.de/leben/rssfeed.rdf,07:51:00,https://www.tz.de/leben/tiere/nur-experten-erkennen-bayerns-neues-maskottchen-den-helodrilus-bavaricus-zr-93508032.html
tz,Leichter Genuss: Cremige Lachs-Pasta mit heller Zitronensauce – ganz ohne Sahne,https://www.tz.de/leben/rssfeed.rdf,19:03:00,https://www.tz.de/leben/einfach-tasty/leichter-genuss-cremige-lachs-pasta-mit-heller-zitronensauce-ganz-ohne-sahne-zr-93508172.html
tz,Schneckenplage? Japanische Hühner könnten die Lösung sein,https://www.tz.de/leben/rssfeed.rdf,07:42:00,https://www.tz.de/leben/wohnen/schneckenplage-japanische-huehner-koennten-die-loesung-sein-zr-93505844.html
tz,US-Untersuchung zeigt: Reflektorkleidung kann Auto-Notbremssysteme lahmlegen,https://www.tz.de/auto/rssfeed.rdf,07:40:00,https://www.tz.de/auto/test-zeigt-warnwesten-koennen-notbremssysteme-von-autos-aushebeln-zr-93508196.html
tz,Pannenhilfe im Winter: So kommen Sie sicher durch die kalte Jahreszeit,https://www.tz.de/auto/rssfeed.rdf,07:39:00,https://www.tz.de/auto/durch-die-kalte-jahreszeit-pannenhilfe-im-winter-sicher-zr-93501659.html
tz,Immer im Kreis: Robotaxi dreht Parkplatz-Runden in Dauerschleife – mit Passagier an Bord,https://www.tz.de/auto/rssfeed.rdf,07:39:00,https://www.tz.de/auto/usa-flughafen-app-support-robotaxi-waymo-autonomes-fahren-zr-93501701.html
tz,Welche Sonderrechte genießen eigentlich Taxi-Fahrer im Straßenverkehr?,https://www.tz.de/auto/rssfeed.rdf,07:53:00,https://www.tz.de/auto/welche-sonderrechte-geniessen-eigentlich-taxi-fahrer-im-strassenverkehr-93497030.html
tz,Warum Seife im Auto unverzichtbar ist – das Hausmittel löst lästige Probleme,https://www.tz.de/auto/rssfeed.rdf,07:53:00,https://www.tz.de/auto/loest-probleme-fahrer-sollten-seife-im-auto-haben-hausmittel-93496889.html
tz,Achtung vor hohen Bußgeldern: Neue Vignetten in Österreich und der Schweiz,https://www.tz.de/auto/rssfeed.rdf,07:39:00,https://www.tz.de/auto/achtung-vor-hohen-bussgeldern-neue-vignetten-in-oesterreich-und-der-schweiz-zr-93496769.html
tz,Nicht bloß Zierde: Was Stier- und Esel-Sticker am Wagen aussagen,https://www.tz.de/auto/rssfeed.rdf,18:59:00,https://www.tz.de/auto/nicht-bloss-zierde-was-stier-und-esel-sticker-am-wagen-aussagen-zr-93255485.html
tz,Nächster Umfrage-Schub: AfD legt weiter zu – Vorsprung der Union schrumpft,https://www.tz.de/politik/rssfeed.rdf,19:16:00,https://www.tz.de/politik/ran-bundestagswahl-2025-naechster-umfrage-schub-afd-robbt-sich-weiter-an-die-union-zr-93509724.html
tz,„Herr im eigenen Haus“: Regierungschef reagiert auf Trumps wilde Grönland-Idee,https://www.tz.de/politik/rssfeed.rdf,13:17:00,https://www.tz.de/politik/regierungschef-reagiert-auf-trumps-wilde-groenland-idee-zr-93509706.html
tz,„Verbringt seine Arbeitszeit beim Essen und im Bierzelt“: NRW-Wirtschaftsministerin Neubaur über Söder,https://www.tz.de/politik/rssfeed.rdf,16:38:00,https://www.tz.de/politik/verbringt-seine-arbeitszeit-beim-essen-und-im-bierzelt-nrw-wirtschaftsministerin-neubaur-ueber-soeder-zr-93509691.html
tz,„Macht die AfD stärker“ – NRW-Wirtschaftsministerin Mona Neubaur geht mit Söder hart ins Gericht,https://www.tz.de/politik/rssfeed.rdf,11:23:00,https://www.tz.de/politik/gruene-nrw-vize-mona-neubaur-ueber-markus-soeder-macht-am-ende-die-afd-staerker-zr-93509616.html
tz,Rechte Szene übt Kritik: Weidel „blamiert“ AfD – kommt es nun zum persönlichen Treffen mit Musk?,https://www.tz.de/politik/rssfeed.rdf,18:51:00,https://www.tz.de/politik/weidel-blamiert-afd-kommt-es-nun-zum-persoenlichen-treffen-mit-musk-zr-93509595.html
tz,Russland verliert Elitesoldaten im Ukraine-Krieg,https://www.tz.de/politik/rssfeed.rdf,19:15:00,https://www.tz.de/politik/russland-verliert-elitesoldaten-im-ukraine-krieg-zr-93509575.html
tz,Boris Palmer: Der polarisierende Oberbürgermeister der Stadt Tübingen,https://www.tz.de/politik/rssfeed.rdf,10:38:00,https://www.tz.de/politik/boris-palmer-fotostrecke-der-polarisierende-oberbuergermeister-der-stadt-tuebingen-zr-93509574.html
tz,Wahlkampf-Wunder wie 2021? Forscher mit düsterer Scholz-Prognose – was den Kanzler schwächt,https://www.tz.de/politik/rssfeed.rdf,09:50:00,https://www.tz.de/politik/wahl-bundestagswahl-2025-experten-duestere-scholz-prognose-spd-aufholjagd-umfrage-kanzler-zr-93509517.html
tz,Bundeswehr plant Großverband für Heimatschutz in Deutschland,https://www.tz.de/politik/rssfeed.rdf,08:52:00,https://www.tz.de/politik/bundeswehr-plant-grossverband-fuer-heimatschutz-in-deutschland-zr-93509483.html
tz,Bundeswehr stellt Division für Heimatschutz auf,https://www.tz.de/politik/rssfeed.rdf,08:23:00,https://www.tz.de/politik/bundeswehr-stellt-division-fuer-heimatschutz-auf-zr-93509459.html
tz,Trump ernennt Leiter von Umwelt-Taskforce,https://www.tz.de/politik/rssfeed.rdf,06:42:00,https://www.tz.de/politik/trump-ernennt-leiter-von-umwelt-taskforce-zr-93509410.html
tz,Israel geht weiter gegen Feinde vor - Berichte über Tote,https://www.tz.de/politik/rssfeed.rdf,04:55:00,https://www.tz.de/politik/israel-geht-weiter-gegen-feinde-vor-berichte-ueber-tote-zr-93509391.html
tz,Abmachung mit Habeck? Papiere könnten Scholz‘ Atom-Entscheidung in neues Licht rücken,https://www.tz.de/politik/rssfeed.rdf,19:15:00,https://www.tz.de/politik/abmachung-mit-habeck-papiere-koennten-scholz-atom-entscheidung-in-neues-licht-ruecken-zr-93509348.html
tz,„Zutiefst geschmacklos“: Trump Jr. nutzt perfide Strategie für Grönland-Plan,https://www.tz.de/politik/rssfeed.rdf,19:00:00,https://www.tz.de/politik/zutiefst-geschmacklos-trump-jr-nutzt-perfide-strategie-fuer-groenland-plan-zr-93509339.html
tz,ÖVP-Chef Stocker erklärt Verhandlungen mit der FPÖ,https://www.tz.de/politik/rssfeed.rdf,12:12:00,https://www.tz.de/politik/oevp-chef-stocker-rechtfertigt-verhandlungen-mit-fpoe-zr-93509334.html
tz,Patentanträge aus China stützen Vermutungen über Ostsee-Zwischenfälle,https://www.tz.de/politik/rssfeed.rdf,19:16:00,https://www.tz.de/politik/patentantraege-aus-china-stuetzen-vermutungen-ueber-ostsee-zwischenfaelle-zr-93509264.html
tz,Waffen für die Ukraine: Pistorius und Scholz geraten in Zoff,https://www.tz.de/politik/rssfeed.rdf,19:19:00,https://www.tz.de/politik/waffen-fuer-die-ukraine-pistorius-und-scholz-geraten-in-zoff-zr-93509097.html
tz,Obama und Trump tuscheln bei Carter-Trauerfeier – Lippenleser enthüllt Details,https://www.tz.de/politik/rssfeed.rdf,19:15:00,https://www.tz.de/politik/obama-und-trump-tuscheln-bei-carter-trauerfeier-lippenleser-enthuellt-details-zr-93508877.html
tz,Betrug mit Paket-SMS: Tausende Beschwerden über Abzocke,https://www.tz.de/wirtschaft/rssfeed.rdf,06:06:00,https://www.tz.de/wirtschaft/betrug-mit-paket-sms-tausende-beschwerden-ueber-abzocke-zr-93509404.html
tz,Alno-Insolvenz: Prozess gegen Ex-Vorstände beginnt,https://www.tz.de/wirtschaft/rssfeed.rdf,04:02:00,https://www.tz.de/wirtschaft/alno-insolvenz-prozess-gegen-ex-vorstaende-beginnt-zr-93509382.html
tz,CDU-Romanze mit der Atomkraft: Fachleute zerlegen Merz-Ideen für die gefeierte Kernfusion,https://www.tz.de/wirtschaft/rssfeed.rdf,14:48:00,https://www.tz.de/wirtschaft/cdu-romanze-mit-der-atomkraft-fachleute-zerlegen-merz-ideen-fuer-die-gefeierte-kernfusion-zr-93509286.html
tz,London gibt unerwartet Warnung aus: „Besorgniserregende“ Lücke durch fehlendes Gas aus Russland,https://www.tz.de/wirtschaft/rssfeed.rdf,14:53:00,https://www.tz.de/wirtschaft/london-gibt-unerwartet-warnung-aus-besorgniserregende-luecke-durch-fehlendes-gas-aus-russland-zr-93509285.html
tz,Für Ausländer „keine Sozialleistungen mehr“ – AfD-Entwurf für das Bürgergeld mit erheblichen Kürzungen,https://www.tz.de/wirtschaft/rssfeed.rdf,14:48:00,https://www.tz.de/wirtschaft/fuer-auslaender-keine-sozialleistungen-mehr-afd-entwurf-fuer-das-buergergeld-mit-erheblichen-kuerzungen-zr-93509118.html
tz,Eon-Aktie wegen Putin unter Druck: Regierung von EU-Land will nachforschen,https://www.tz.de/wirtschaft/rssfeed.rdf,14:48:00,https://www.tz.de/wirtschaft/eon-aktie-wegen-putin-unter-druck-regierung-von-eu-land-will-nachforschen-zr-93509062.html
tz,Vor Rügen schwebt Putins Schattentanker: Russlands Öl-Strategie bedroht Europa,https://www.tz.de/wirtschaft/rssfeed.rdf,08:05:00,https://www.tz.de/wirtschaft/vor-ruegen-schwebt-putins-schattentanker-russlands-oel-strategie-bedroht-europa-zr-93508482.html
tz,"Tech-Riese erreicht, was Apple nicht gelang und bringt eigenes E-Auto heraus",https://www.tz.de/wirtschaft/rssfeed.rdf,14:48:00,https://www.tz.de/wirtschaft/tech-riese-erreicht-was-apple-nicht-gelang-und-bringt-eigenes-auto-heraus-zr-93507906.html
tz,Bericht: Es könnte noch schlimmer für ein deutsches VW-Werk kommen – Werksschließung durch die Hintertür?,https://www.tz.de/wirtschaft/rssfeed.rdf,18:01:00,https://www.tz.de/wirtschaft/bericht-es-koennte-noch-schlimmer-fuer-ein-deutsches-vw-werk-kommen-werksschliessung-durch-die-hintertuer-zr-93508045.html
tz,Tesla droht in den USA ein finanzielles Desaster: Bröckelt die Freundschaft zwischen Musk und Trump?,https://www.tz.de/wirtschaft/rssfeed.rdf,14:48:00,https://www.tz.de/wirtschaft/tesla-droht-in-den-usa-ein-finanzielles-desaster-broeckelt-die-freundschaft-zwischen-musk-und-trump-zr-93507698.html
tz,Rente 2025: Welche Rentner mehr bekommen und wer weniger bekommt,https://www.tz.de/wirtschaft/rssfeed.rdf,14:48:00,https://www.tz.de/wirtschaft/rente-2025-welche-rentner-mehr-bekommen-und-wer-weniger-bekommt-zr-93507672.html
tz,Nato-Land will weiter Russlands Gas beziehen – Trotz Ukraine-Entscheidung,https://www.tz.de/wirtschaft/rssfeed.rdf,14:49:00,https://www.tz.de/wirtschaft/nato-land-will-weiter-russlands-gas-beziehen-trotz-ukraine-entscheidung-zr-93507636.html
tz,Trump kann nicht die ganze Welt in den Würgegriff nehmen,http://www.tz.de/politik,20:51:00,https://www.tz.de/politik/trump-kann-nicht-die-ganze-welt-in-den-wuergegriff-nehmen-zr-93509997.html
tz,„Ich muss mich verstecken“: Jüdische Menschen in Deutschland haben Angst,http://www.tz.de/politik,21:12:00,https://www.tz.de/politik/ich-muss-mich-verstecken-juedische-menschen-in-deutschland-haben-angst-zr-93510007.html
tz,Proteste gegen AfD: Abgeordneter bei Polizeieinsatz verletzt,http://www.tz.de/politik,20:02:00,https://www.tz.de/politik/proteste-gegen-afd-abgeordneter-bei-polizeieinsatz-verletzt-zr-93509437.html
tz,Biden ehrt Papst mit besonderer Auszeichnung,http://www.tz.de/politik,21:30:00,https://www.tz.de/politik/biden-ehrt-papst-mit-besonderer-auszeichnung-zr-93510016.html
tz,„Werde ihn rausschmeißen“: Trump-Vertrauter Bannon teilt gegen Musk aus,http://www.tz.de/politik,19:41:00,https://www.tz.de/politik/werde-ihn-rausschmeissen-trump-vertrauter-bannon-teilt-gegen-musk-aus-zr-93509969.html
tz,Ukraine News: Nordkorea-Soldaten von der Ukraine gefangen genommen,http://www.tz.de/politik,18:12:00,https://www.tz.de/politik/ukraine-krieg-news-geheimdienst-meldet-angriff-auf-russisches-drohnenlager-putin-selenskyj-zr-93508563.html
tz,AfD-Bundesparteitag in Riesa: Zur Kanzlerkandidatin gekürte Weidel will „alle Windräder niederreißen“,http://www.tz.de/politik,19:00:00,https://www.tz.de/politik/afd-parteitag-in-riesa-weidel-soll-offiziell-nominiert-werden-zr-93509424.html
tz,SPD-Spitze schießt gegen Merz vor Bundestagswahl: „Union versteckt ihren Kandidaten“,http://www.tz.de/politik,20:12:00,https://www.tz.de/politik/scholz-zieht-knallharte-ampel-bilanz-vor-bundestagswahl-haette-frueher-auf-den-tisch-hauen-sollen-zr-93509908.html
tz,Israel im Krieg: Zahl der Todesopfer in Gaza laut Studie deutlich höher als offiziell bekannt,http://www.tz.de/politik,17:13:00,https://www.tz.de/politik/israel-im-krieg-zahl-der-todesopfer-in-gaza-laut-studie-deutlich-hoeher-als-offiziell-bekannt-zr-93509883.html
tz,Merz erwartet bei Wahlsieg rasche positive Stimmungswende,http://www.tz.de/politik,16:55:00,https://www.tz.de/politik/merz-erwartet-bei-wahlsieg-rasche-positive-stimmungswende-zr-93509369.html
tz,Schlacht um Kupjansk: Ukraine-Soldaten droht an der Front die Einkesselung,http://www.tz.de/politik,16:32:00,https://www.tz.de/politik/ukraine-soldaten-droht-an-ukraine-front-die-einkesselung-zr-93509865.html
tz,Scholz hofft auf das Winterwunder,http://www.tz.de/politik,16:18:00,https://www.tz.de/politik/scholz-hofft-auf-das-winterwunder-zr-93509395.html
tz,Feuerhölle in Los Angeles: Bilder zeigen die heftigen Brände – Notstand verhängt,http://www.tz.de/politik,15:45:00,https://www.tz.de/welt/los-angeles-bilder-zeigen-waldbrand-kalifornien-usa-feuer-zr-93503301.html
tz,Waldbrände in Kalifornien: US-Moderator fordert Kriegsrecht in der Krise,http://www.tz.de/politik,15:25:00,https://www.tz.de/politik/waldbraende-in-kalifornien-us-moderator-fordert-kriegsrecht-in-der-krise-zr-93509809.html
tz,Polnische Antipanzerminen landen irrtümlich in Möbel-Lager,http://www.tz.de/politik,15:24:00,https://www.tz.de/politik/polnische-antipanzerminen-landen-irrtuemlich-in-moebel-lager-zr-93509808.html
tz,Selenskyj: Zwei Nordkoreaner gefangen genommen,http://www.tz.de/politik,15:16:00,https://www.tz.de/politik/selenskyj-zwei-nordkoreaner-gefangen-genommen-zr-93509763.html
tz,Verurteilter Verbrecher: Richter verkündet Strafmaß gegen Trump,http://www.tz.de/politik,18:59:00,https://www.tz.de/politik/strafmass-gegen-trump-verurteilter-verbrecher-richter-verkuendet-zr-93507021.html
tz,Habeck laut neuer Umfrage plötzlich beliebtester Kandidat – Merz-Werte sacken ab,http://www.tz.de/politik,19:15:00,https://www.tz.de/politik/habeck-laut-neuer-umfrage-ploetzlich-beliebtester-kandidat-merz-werte-sacken-ab-zr-93507396.html
tz,Verbündete von Syriens neuen Machthabern nehmen China ins Visier,http://www.tz.de/politik,16:38:00,https://www.tz.de/politik/verbuendete-von-syriens-neuen-machthabern-nehmen-china-ins-visier-zr-93509789.html
tz,Parteitag: Scholz sieht Deutschland „am Scheideweg“,http://www.tz.de/politik,14:11:00,https://www.tz.de/politik/spd-beschliesst-bei-parteitag-wahlprogramm-fuer-die-bundestagswahl-zr-93509431.html
tz,AfD will Wehrpflicht und keine Kopftücher in der Schule,http://www.tz.de/politik,21:44:00,https://www.tz.de/politik/aufstehen-fuer-weidel-afd-kuert-erstmals-kanzlerkandidatin-zr-93509397.html
tz,Bis Sonntag – Samsung-Angebote bei MediaMarkt,http://www.tz.de/produktempfehlung,19:14:00,https://www.tz.de/produktempfehlung/bis-sonntag-samsung-angebote-bei-mediamarkt-zr-93503923.html
tz,Weshalb ist dieses 170 €-Smartphone der Renner? Amazon-Bestseller im Check,http://www.tz.de/produktempfehlung,19:14:00,https://www.tz.de/produktempfehlung/weshalb-ist-dieses-170-smartphone-der-renner-amazon-bestseller-im-check-zr-93504011.html
tz,XL-Ausverkauf – bis zu 70 % bei notebooksbilliger,http://www.tz.de/produktempfehlung,19:14:00,https://www.tz.de/produktempfehlung/xl-ausverkauf-bis-zu-70-bei-notebooksbilliger-zr-93501804.html
tz,De‘Longhi-Rabattwochen – Kaffeevollautomaten bis zu 60 % günstiger,http://www.tz.de/produktempfehlung,19:14:00,https://www.tz.de/produktempfehlung/de-longhi-rabattwochen-kaffeevollautomaten-bis-zu-60-guenstiger-zr-93501349.html
tz,Elektrischer Eiskratzer von Kärcher – das Top-Modell EDI 4,http://www.tz.de/produktempfehlung,19:14:00,https://www.tz.de/produktempfehlung/edi-elektrischer-eiskratzer-von-kaercher-das-top-modell-zr-93501255.html
tz,Hitster: Die besten Versionen & Erweiterungen für das Party-Kartenspiel,http://www.tz.de/produktempfehlung,08:16:00,https://www.tz.de/produktempfehlung/hitster-die-besten-versionen-erweiterungen-fuer-das-party-kartenspiel-zr-93496710.html
tz,Freundin starb bei Bränden von LA: US-Megastar live im TV unter Tränen – „Kam nicht rechtzeitig raus“,http://www.tz.de/welt,14:59:00,https://www.tz.de/welt/los-angeles-freundin-starb-bei-braenden-us-megastar-live-im-tv-unter-traenen-93509787.html
tz,Wirbel um Après-Ski-Video in Tirol: Bürgermeister sieht „erschreckende“ Szenen – Konsequenzen folgen,http://www.tz.de/welt,09:49:00,https://www.tz.de/welt/wirbel-um-apre-ski-video-in-tirol-buergermeister-sieht-erschreckende-szenen-93509513.html
tz,Urlauber-Wunschziel streitet über Strand-Abschnitte – sogar Premierminister sauer: „Geht gar nicht“,http://www.tz.de/welt,07:14:00,https://www.tz.de/welt/urlauber-wunschziel-streitet-ueber-strand-abschnitte-sogar-premierminister-sauer-geht-gar-nicht-93505326.html
tz,Österreich ruft Tourismus-Alarm aus: Berghütten in „massiven Schwierigkeiten“,http://www.tz.de/welt,07:14:00,https://www.tz.de/welt/oesterreich-ruft-tourismus-alarm-aus-berghuetten-in-massiven-schwierigkeiten-93486471.html
tz,Reisehinweis für Italien durch das Auswärtige Amt: Pilgerströme erwartet im 'Heiligen Jahr 2025',http://www.tz.de/welt,06:26:00,https://www.tz.de/welt/reisehinweis-fuer-italien-durch-das-auswaertige-amt-pilgerstroeme-erwartet-im-heiligen-jahr-2025-93508715.html
tz,Rudel streunern durch Urlaubsort in Italien– mutmaßlicher Angriff auf Jogger in Österreich,http://www.tz.de/welt,06:25:00,https://www.tz.de/welt/rudel-streunern-durch-urlaubsort-in-italien-mutmasslicher-angriff-auf-jogger-in-oesterreich-93509086.html
tz,MKS wieder in Deutschland: Welche Auswirkungen hat die Maul- und Klauenseuche auf Mensch und Tier?,http://www.tz.de/welt,06:25:00,https://www.tz.de/welt/mks-wieder-in-deutschland-welche-auswirkungen-hat-die-maul-und-klauenseuche-auf-mensch-und-tier-93508198.html
tz,Preis für Skipass in Österreich explodiert – „Wasserski in der Karibik ist billiger“,http://www.tz.de/welt,04:55:00,https://www.tz.de/welt/preis-fuer-skipass-in-oesterreich-explodiert-wasserski-in-der-karibik-ist-billiger-93502860.html
tz,Bis zu 150 Euro Strafe und „Gefährlich“: Warnung für Skisportler in Südtirol,http://www.tz.de/welt,04:55:00,https://www.tz.de/welt/bis-zu-150-euro-strafe-und-gefaehrlich-warnung-fuer-skisportler-in-suedtirol-93504909.html
tz,„Ich würde SOFORT wieder gehen“: Ärztlicher Hinweis in Praxis sorgt für Aufregung,http://www.tz.de/welt,07:14:00,https://www.tz.de/welt/ich-wuerde-sofort-wieder-gehen-aerztlicher-hinweis-in-praxis-sorgt-fuer-aufregung-93487690.html
tz,Alles Fake bei „Love is Blind: Germany“: Vergebene Kandidatin sorgt für Aufsehen,http://www.tz.de/welt,04:55:00,https://www.tz.de/welt/aufsehen-alles-fake-bei-love-is-blind-germany-vergebene-kandidatin-sorgt-fuer-zr-93506531.html
tz,"Feuer in LA: Warnung vor Preiswucher, Betrug und Plündereien",http://www.tz.de/welt,21:01:00,https://www.tz.de/welt/feuer-in-la-warnung-vor-preiswucher-betrug-und-pluendereien-zr-93509360.html
tz,Favorit bleibt bestehen: Der beliebteste Jungenname 2024 hat nur vier Buchstaben,http://www.tz.de/welt,20:52:00,https://www.tz.de/welt/beliebtester-maennlicher-baby-vorname-2024-erlaubt-deutschland-gesetz-regelung-name-verboten-zr-93509999.html
tz,"Zwei Tote, mehrere Verletzte - schwerer Busunfall auf A11",http://www.tz.de/welt,20:40:00,https://www.tz.de/welt/zwei-tote-mehrere-verletzte-schwerer-busunfall-auf-a11-zr-93509878.html
tz,Krebsdrama: Joey Kelly offenbart den traurigen Anlass für seinen neuen Haarschnitt,http://www.tz.de/stars,20:15:00,https://www.tz.de/stars/krebsdrama-joey-kelly-offenbart-den-traurigen-anlass-fuer-seinen-neuen-haarschnitt-zr-93467093.html
tz,Reality-Star nimmt plötzlich Auszeit: Abgang auf „unbestimmte Zeit“ kurz vor Dschungelcamp,http://www.tz.de/stars,20:12:00,https://www.tz.de/stars/reality-star-nimmt-ploetzlich-auszeit-abgang-auf-unbestimmte-zeit-kurz-vor-dschungelcamp-93508286.html
tz,„Giovanni Zarrella Show“ in einer Woche zweimal – ZDF gibt keine klaren Antworten,http://www.tz.de/stars,20:12:00,https://www.tz.de/stars/giovanni-zarrella-show-in-einer-woche-zweimal-zdf-gibt-keine-klaren-antworten-93509796.html
tz,Marie Reim meldet sich nachts bei ihren Fans: „Was mich noch mehr erwischt“,http://www.tz.de/stars,20:12:00,https://www.tz.de/stars/marie-reim-meldet-sich-nachts-bei-ihren-fans-was-mich-noch-mehr-erwischt-93509257.html
tz,Reality-Star Jasmin Herren klärt Dschungelcamp-Mythos auf,http://www.tz.de/stars,20:12:00,https://www.tz.de/stars/reality-star-jasmin-herren-klaert-dschungelcamp-mythos-auf-93509593.html
tz,„Ich ekel mich wirklich“ – Über die abscheuliche Phobie von Veronica Ferres,http://www.tz.de/stars,20:12:00,https://www.tz.de/stars/ich-ekel-mich-wirklich-ueber-die-abscheuliche-phobie-von-veronica-ferres-93509795.html
tz,Zum zweiten Geburtstag von Sohn Leano: Pietro Lombardi teilt rührende Liebeserklärung an Laura,http://www.tz.de/stars,20:12:00,https://www.tz.de/stars/zum-zweiten-geburtstag-von-sohn-leano-pietro-lombardi-teilt-ruehrende-liebeserklaerung-an-laura-93509206.html
tz,„Sie sind unser Engel“: Heinz Hoenigs Ehefrau Annika trifft Lebensretterin ihres Mannes,http://www.tz.de/stars,20:11:00,https://www.tz.de/stars/sie-sind-unser-engel-heinz-hoenigs-ehefrau-annika-trifft-lebensretterin-ihres-mannes-93509449.html
tz,Offene Worte von Paris Jackson: „Ich bin eine Alkoholikerin und Heroinsüchtige“,http://www.tz.de/stars,20:11:00,https://www.tz.de/stars/offene-worte-von-paris-jackson-ich-bin-eine-alkoholikerin-und-heroinsuechtige-93509344.html
tz,Kate Middleton wird zum Royal: Die Transformation von „Waity Katie“ zur Prinzessin an Williams Seite,http://www.tz.de/stars,20:11:00,https://www.tz.de/stars/kate-middleton-wird-zum-royal-die-transformation-von-waity-katie-zur-prinzessin-an-williams-seite-93509315.html
tz,Darum müssen Oliver Pochers Kinder jetzt auf ein Internat,http://www.tz.de/stars,20:11:00,https://www.tz.de/stars/darum-muessen-oliver-pochers-kinder-jetzt-auf-ein-internat-93509303.html
tz,"Einer ist schon mit der dritten Kollegin zusammen: Schlager-Stars, die ein Paar sind oder es waren",http://www.tz.de/stars,20:15:00,https://www.tz.de/stars/eric-philippi-matthias-reim-schlager-paare-helene-fischer-florian-silbereisen-stefan-mross-michelle-zr-93492678.html
tz,Ehe-Aus bei Anna-Maria Zimmermann: Schon 2023 ahnte sie Schlimmes,http://www.tz.de/stars,20:11:00,https://www.tz.de/stars/ehe-aus-bei-anna-maria-zimmermann-schon-2023-ahnte-sie-schlimmes-93508055.html
tz,ZDF ändert Programm: Darum fällt „Bares für Rares“ aus,http://www.tz.de/stars,20:11:00,https://www.tz.de/stars/zdf-aendert-programm-darum-faellt-bares-fuer-rares-aus-93505756.html
tz,"„Na, du Ar***“: Provokante Begrüßung bei „Bauer sucht Frau“-Wiedersehen mit Inka Bause",http://www.tz.de/stars,20:11:00,https://www.tz.de/stars/na-du-ar-provokante-begruessung-bei-bauer-sucht-frau-wiedersehen-mit-inka-bause-93509490.html
tz,Kate und William tragen in Schottland einen anderen Titel,http://www.tz.de/stars,20:11:00,https://www.tz.de/stars/kate-und-william-tragen-in-schottland-einen-anderen-titel-93507854.html
tz,„Bauer sucht Frau“-Star Patrick Romer kontert schwere Anschuldigungen,http://www.tz.de/stars,20:11:00,https://www.tz.de/stars/bauer-sucht-frau-star-patrick-romer-kontert-schwere-anschuldigungen-93508932.html
tz,Schlager-Topstar verbringt Urlaub auf AIDA-Kreuzfahrt – dabei wurde er wohl sogar in der Sauna erkannt,http://www.tz.de/stars,20:11:00,https://www.tz.de/stars/schlager-topstar-verbringt-urlaub-auf-aida-kreuzfahrt-dabei-wurde-er-wohl-sogar-in-der-sauna-erkannt-93505837.html
tz,Geldsorgen: Muss Cora Schumacher auswandern? – „Keine Kraft mehr“,http://www.tz.de/stars,20:00:00,https://www.tz.de/stars/finanzielle-sorgen-cora-schumacher-auswandern-reality-tv-star-mallorca-sat1-doku-ralf-schumacher-93509981.html
tz,Wegen ihrer Leidenschaft: Schlagerstar muss sich beim Dating ständig rechtfertigen,http://www.tz.de/stars,18:21:00,https://www.tz.de/stars/schlagerstar-dating-rechtfertigen-dates-laura-wilde-saengerin-93509927.html
tz,"Zuschauer aufgebracht, weil Horst Lichter ständig im TV zu sehen ist: „Gibt es keine Alternativen?“",http://www.tz.de/stars,16:05:00,https://www.tz.de/stars/zuschauer-sauer-horst-lichter-moderator-zdf-show-bares-fuer-rares-traumrouten-troedel-tv-93499766.html
tz,Silbereisen macht monatelange TV-Showpause,http://www.tz.de/stars,15:33:00,https://www.tz.de/stars/silbereisen-macht-monatelange-tv-showpause-zr-93509816.html
tz,Teuer wie ein Haus: Carmen Geiss ist Eigentümerin dieser begehrten Handtasche,http://www.tz.de/stars,13:27:00,https://www.tz.de/stars/teuer-wie-ein-haus-carmen-geiss-ist-eigentuemerin-dieser-begehrten-handtasche-93507235.html
tz,„First Dates“-Kandidat gesteht direkt zu Beginn des Dates: „Habe dich angelogen“,http://www.tz.de/stars,13:25:00,https://www.tz.de/stars/first-dates-kandidat-gesteht-direkt-zu-beginn-des-dates-habe-dich-angelogen-93502488.html
tz,Mutet sich Anna-Carina Woitschack vor dem Dschungelcamp zu viel zu?,http://www.tz.de/stars,13:24:00,https://www.tz.de/stars/mutet-sich-anna-carina-woitschack-vor-dem-dschungelcamp-zu-viel-zu-93506867.html
tz,Roland Trettl fassungslos wegen Bestellung bei „First Dates“: „Mit Bier?“,http://www.tz.de/stars,13:24:00,https://www.tz.de/stars/roland-trettl-fassungslos-wegen-bestellung-bei-first-dates-mit-bier-93503178.html
tz,Bittere Nachricht für „Bares für Rares“-Teilnehmer: ZDF-Team zerstört einen Teil ihrer Antiquität,http://www.tz.de/stars,07:06:00,https://www.tz.de/stars/bares-fuer-rares-teilnehmer-zdf-team-zerstoert-teil-antiquitaet-horst-lichter-koeln-93509423.html
tz,XXL-Panne legt Florian Silbereisens „Schlagerchampions“ lahm: Plötzlich geht gar nichts mehr,http://www.tz.de/stars,21:41:00,https://www.tz.de/stars/panne-florian-silbereisen-schlagerchampions-melissa-naschenweng-das-erste-tv-show-berlin-zr-93510013.html
tz,Nur bekannt als „Sohn von“: So geht „Let’s Dance“-Teilnehmer Diego Pooth mit Vorurteilen um,http://www.tz.de/stars,20:15:00,https://www.tz.de/stars/nur-bekannt-als-sohn-von-so-geht-let-dance-teilnehmer-diego-pooth-mit-vorurteilen-um-zr-93505181.html
tz,„First Dates”-Teilnehmerin machte Filmstar Heiratsantrag: So reagierte er,http://www.tz.de/stars,20:15:00,https://www.tz.de/stars/first-dates-teilnehmerin-machte-filmstar-heiratsantrag-so-reagierte-er-zr-93505031.html
tz,Man City siegt 8:0 - 16-Jähriger debütiert für Liverpool,http://www.tz.de/nachrichtenticker,20:54:00,https://www.tz.de/sport/fussball/man-city-siegt-16-jaehriger-debuetiert-fuer-liverpool-zr-93510002.html
tz,Noten zum knappen Bayern-Sieg: Nur zwei Zweier – ein Star kassiert gar die 5,http://www.tz.de/nachrichtenticker,20:59:00,https://www.tz.de/sport/fc-bayern/fc-bayern-noten-einzelkritik-gladbach-sane-mueller-kane-kimmich-coman-gnabry-laimer-93509990.html
tz,Bayern nach Sieg beim Angstgegner Herbstmeister,http://www.tz.de/nachrichtenticker,20:54:00,https://www.tz.de/sport/fussball/bayern-nach-sieg-beim-angstgegner-herbstmeister-zr-93509989.html
tz,Hoeneß‘ Meisteransage: Ex-Nationalspieler spricht Warnung aus,http://www.tz.de/nachrichtenticker,19:46:00,https://www.tz.de/sport/fc-bayern/hoeness-meisteransage-ex-nationalspieler-spricht-warnung-aus-zr-93509975.html
tz,„Wir sind noch nicht perfekt“: Kompany zieht Bayern-Zwischenbilanz,http://www.tz.de/nachrichtenticker,19:43:00,https://www.tz.de/sport/fc-bayern/wir-sind-noch-nicht-perfekt-kompany-zieht-zwischenfazit-vor-dem-liga-restart-zr-93509973.html
tz,Trotz positiver Gespräche mit Bayern: Real mischt wohl weiter mit im Davies-Poker,http://www.tz.de/nachrichtenticker,19:40:00,https://www.tz.de/sport/fc-bayern/trotz-positiver-gespraeche-mit-bayern-real-mischt-wohl-weiter-mit-im-davies-poker-zr-93509966.html
tz,Teamcheck FC Bayern: Dieses Trio ist in der Offensive gesetzt,http://www.tz.de/nachrichtenticker,19:36:00,https://www.tz.de/sport/fc-bayern/teamcheck-fc-bayern-dieses-trio-ist-in-der-offensive-gesetzt-zr-93509965.html
tz,Nübel deutet möglichen Abschied vom FC Bayern an,http://www.tz.de/nachrichtenticker,19:32:00,https://www.tz.de/sport/fc-bayern/viele-andere-gute-vereine-in-europa-nuebel-deutet-moeglichen-abschied-an-zr-93509964.html
tz,Verteidiger Fofana wechselt von Leverkusen nach Graz,http://www.tz.de/nachrichtenticker,19:29:00,https://www.tz.de/sport/fussball/verteidiger-fofana-wechselt-von-leverkusen-nach-graz-zr-93509963.html
tz,Trotz anhaltender Probleme: FC Bayern will im Winter nicht aktiv werden,http://www.tz.de/nachrichtenticker,19:27:00,https://www.tz.de/sport/fc-bayern/trotz-anhaltender-probleme-bayern-will-im-winter-keinen-neuen-torwart-verpflichten-zr-93509962.html
tz,Bayern stellt Weichen: Verlässt Leroy Sané den Klub noch im Winter?,http://www.tz.de/nachrichtenticker,19:23:00,https://www.tz.de/sport/fc-bayern/bayern-stellt-weichen-verlaesst-leroy-sane-den-klub-noch-im-winter-zr-93509959.html
tz,Kompany-System zu intensiv? Coman spricht über Probleme,http://www.tz.de/nachrichtenticker,19:19:00,https://www.tz.de/sport/fc-bayern/kompany-system-zu-intensiv-coman-zeigt-probleme-auf-fc-bayern-zr-93509957.html
tz,Magnus Carlsen gewinnt beim Debüt für den FC St. Pauli,http://www.tz.de/nachrichtenticker,19:33:00,https://www.tz.de/sport/mehr/magnus-carlsen-gewinnt-beim-debuet-fuer-den-fc-st-pauli-zr-93509954.html
tz,Eberl macht klare Ansage zu Tel-Einsatzzeiten beim FC Bayern,http://www.tz.de/nachrichtenticker,19:14:00,https://www.tz.de/sport/fc-bayern/eberl-macht-klare-ansage-zu-tel-einsatzzeiten-beim-fc-bayern-zr-93509953.html
tz,Musiala-Poker: Schalten sich Hoeneß und Co. ein?,http://www.tz.de/nachrichtenticker,19:10:00,https://www.tz.de/sport/fc-bayern/musiala-poker-schalten-sich-hoeness-und-co-ein-zr-93509951.html
tz,Mainz-Torjäger Burkardt schließt Winter-Wechsel aus,http://www.tz.de/nachrichtenticker,18:48:00,https://www.tz.de/sport/fussball/mainz-torjaeger-burkardt-schliesst-winter-wechsel-aus-zr-93509942.html
tz,Eberl: Vertragsangelegenheiten vor der Crunchtime klären,http://www.tz.de/nachrichtenticker,21:12:00,https://www.tz.de/sport/fussball/eberl-vertragsangelegenheiten-vor-der-crunchtime-klaeren-zr-93509935.html
tz,Peinlicher Aufstellungs-Fauxpas um Leon Goretzka vor Gladbach-Match,http://www.tz.de/nachrichtenticker,19:54:00,https://www.tz.de/sport/fc-bayern/fc-bayern-postet-versehentlich-falsche-aufstellung-gegen-gladbach-93509922.html
tz,Erhält Sendling-Westpark endlich ein Quartierszentrum? Welche Projekte den Bezirk 2025 prägen,http://www.tz.de/nachrichtenticker,18:00:00,https://www.tz.de/muenchen/stadt/hallo-muenchen/muenchen-sendling-westpark-quartierszentrum-bruecke-cafe-supermarkt-partnachplatz-kiosk-93506167.html
tz,Desolater Offensiv-Auftritt: Handballer mühen sich zum Sieg,http://www.tz.de/nachrichtenticker,18:16:00,https://www.tz.de/sport/handball/desolater-offensiv-auftritt-handballer-muehen-sich-zum-sieg-zr-93509913.html
tz,Heidenheim vermasselt Baumgart das Debüt als Union-Coach,http://www.tz.de/nachrichtenticker,17:35:00,https://www.tz.de/sport/fussball/heidenheim-vermasselt-baumgart-das-debuet-als-union-coach-zr-93509900.html
tz,Rückkehrer Burkardt schießt Mainz zum Sieg gegen Bochum,http://www.tz.de/nachrichtenticker,17:35:00,https://www.tz.de/sport/fussball/rueckkehrer-burkardt-schiesst-mainz-zum-sieg-gegen-bochum-zr-93509899.html
tz,Amoura lässt Wolfsburg jubeln: 1:0 bei Hoffenheim,http://www.tz.de/nachrichtenticker,17:33:00,https://www.tz.de/sport/fussball/amoura-laesst-wolfsburg-jubeln-bei-hoffenheim-zr-93509898.html
tz,Eintracht-Garant Marmoush: Frankfurt siegt beim FC St. Pauli,http://www.tz.de/nachrichtenticker,17:32:00,https://www.tz.de/sport/fussball/eintracht-garant-marmoush-frankfurt-siegt-beim-fc-st-pauli-zr-93509897.html
tz,Bayern gewinnen Klassiker - Baumgart-Pleite bei Union-Debüt,http://www.tz.de/nachrichtenticker,20:26:00,https://www.tz.de/sport/fussball/bayern-gewinnen-klassiker-baumgart-pleite-bei-union-debuet-zr-93509896.html
tz,3:2 nach 3:0: Freiburg rettet Sieg gegen Kiel,http://www.tz.de/nachrichtenticker,17:29:00,https://www.tz.de/sport/fussball/nach-freiburg-rettet-sieg-gegen-kiel-zr-93509895.html
tz,Strittiger Elfmeter: Kane erlöst wackelige Bayern vom Punkt,http://www.tz.de/nachrichtenticker,20:50:00,https://www.tz.de/sport/fc-bayern/gladbach-fc-bayern-heute-live-ticker-aufstellung-vincent-kompany-thomas-mueller-zr-93509867.html
tz,Verlängerung noch diese Woche? Eberl gibt Update zu Davies,http://www.tz.de/nachrichtenticker,16:21:00,https://www.tz.de/sport/fc-bayern/verlaengerung-noch-diese-woche-eberl-gibt-update-zu-davies-zr-93509861.html
tz,"Marmoush vor Absprung? „Nicht alles stimmt, was...“",http://www.tz.de/sport,20:59:00,https://www.tz.de/sport/fussball/marmoush-vor-absprung-eintracht-boss-frankfurt-kroesche-sge-zr-93510003.html
tz,Marmoush-Poker geht weiter: Jetzt spricht Markus Krösche,http://www.tz.de/sport,20:27:00,https://www.tz.de/sport/fussball/marmoush-poker-geht-weiter-jetzt-spricht-der-eintracht-boss-zr-93509991.html
tz,Eintracht-Sportchef bestätigt: Gibt Kontakte wegen Marmoush,http://www.tz.de/sport,19:24:00,https://www.tz.de/sport/fussball/eintracht-sportchef-bestaetigt-gibt-kontakte-wegen-marmoush-zr-93509848.html
tz,Erster RB-Auftritt von Jürgen Klopp ausgerechnet in München,http://www.tz.de/sport,18:23:00,https://www.tz.de/sport/mehr/erster-rb-auftritt-klopps-ausgerechnet-in-muenchen-zr-93509929.html
tz,Ausgerechnet Marmoush: Eintracht Frankfurt gewinnt glücklich auf St. Pauli,http://www.tz.de/sport,17:36:00,https://www.tz.de/sport/fussball/ausgerechnet-marmoush-eintracht-frankfurt-gewinnt-gluecklich-auf-st-pauli-zr-93509901.html
tz,"Der Moment, als Benjamin Henrichs‘ Achillessehne riss",http://www.tz.de/sport,17:20:00,https://www.tz.de/sport/fussball/der-moment-als-benjamin-henrichs-achillessehne-riss-zr-93509885.html
tz,So viel müssten die Bayern wohl für Wunsch-Torwart Urbig zahlen,http://www.tz.de/sport,16:18:00,https://www.tz.de/sport/fc-bayern/millionen-abloese-so-viel-muessten-die-bayern-wohl-fuer-wunsch-torwart-urbig-zahlen-zr-93509858.html
tz,Sané kann sich wohl Bayern-Abschied vorstellen – und fordert Mega-Gehalt,http://www.tz.de/sport,16:15:00,https://www.tz.de/sport/fc-bayern/sane-kann-sich-abschied-wohl-vorstellen-fordert-aber-offenbar-mega-gehalt-zr-93509856.html
tz,Die Baustellen des FC Bayern nach der Winterpause,http://www.tz.de/sport,16:07:00,https://www.tz.de/sport/fc-bayern/vor-dem-rueckrundenstart-das-sind-die-baustellen-des-fc-bayern-zr-93509846.html
tz,Saftiges Preisschild an möglichen Neuer-Nachfolger,http://www.tz.de/sport,15:58:00,https://www.tz.de/sport/fc-bayern/wechsel-zum-fc-bayern-fenerbahce-legt-wohl-preisschild-fuer-livakovic-fest-zr-93509841.html
tz,Teamcheck FC Bayern: Auf wen setzt Kompany neben Kimmich im Mittelfeld?,http://www.tz.de/sport,15:52:00,https://www.tz.de/sport/fc-bayern/teamcheck-fc-bayern-auf-wen-setzt-kompany-neben-kimmich-im-fcb-mittelfeld-zr-93509836.html
tz,Bei besonderem Bayern-Event: Lahm nimmt Trainerjob an,http://www.tz.de/sport,15:43:00,https://www.tz.de/sport/fc-bayern/bei-speziellem-bayern-event-lahm-nimmt-trainerjob-an-zr-93509827.html
tz,Union-Präsident Zingler attackiert DFB-Kontrollausschuss,http://www.tz.de/sport,15:40:00,https://www.tz.de/sport/fussball/union-praesident-zingler-attackiert-dfb-kontrollausschuss-zr-93509824.html
tz,Frühjahrsfit: So wecken Sie Ihren Garten aus dem Winterschlaf,http://www.tz.de/leben,19:30:00,https://www.tz.de/leben/garten/fruehjahrsfit-so-wecken-sie-ihren-garten-aus-dem-winterschlaf-planung-zr-93505273.html
tz,"Achtung, Eindringling! Diese zehn Tiere können sich im Dachboden einnisten",http://www.tz.de/leben,19:00:00,https://www.tz.de/leben/wohnen/dachboden-rumpeln-gerauesche-tiere-einnisten-haus-schaden-marder-ratten-zr-93503057.html
tz,Eigelb ist orange oder hellgelb? Was die Farbe des Dotters über die Qualität aussagt,http://www.tz.de/leben,18:30:00,https://www.tz.de/leben/einfach-tasty/ei-eigelb-farbe-qualitaet-fruehstueck-farbe-gelb-orange-zr-93508554.html
tz,Schnelle Hilfe gegen Sodbrennen: Diese Lebensmittel lindern das Leiden ohne Tabletten,http://www.tz.de/leben,17:00:00,https://www.tz.de/leben/einfach-tasty/hilfe-gegen-sodbrennen-ganz-ohne-tabletten-tipp-lebensmittel-einfach-tasty-zr-93506419.html
tz,Katzen im Winter: Reaktion von Kater Loki auf Schneegestöber bringt Netz zum Lachen,http://www.tz.de/leben,16:30:00,https://www.tz.de/leben/tiere/kater-loki-will-trotz-schnee-raus-warum-er-seine-meinung-aendert-zr-93508578.html
tz,Von „Stranger Things“ bis „Outlander“: Diese beliebten Serien enden 2025,http://www.tz.de/leben,15:00:00,https://www.tz.de/leben/serien/serienenden-2025-welche-grossen-serienabschiede-uns-erwarten-zr-93507082.html
tz,Diese Orchideenschauen und -ausstellungen dürfen Sie im Frühling 2025 nicht verpassen,http://www.tz.de/leben,14:30:00,https://www.tz.de/leben/wohnen/diese-orchideenschauen-duerfen-sie-im-fruehling-2025-nicht-verpassen-zr-93505287.html
tz,Ingwertee richtig zubereiten: Tipps von der Ayurveda-Expertin,http://www.tz.de/leben,14:00:00,https://www.tz.de/leben/gesundheit/ingwertee-richtig-zubereiten-tipps-von-ayurveda-expertin-zr-93505226.html
tz,Nebenkosten in deutschen Großstädten steigen weiter – nur in einer nicht,http://www.tz.de/leben,13:30:00,https://www.tz.de/leben/wohnen/abfall-abwasser-grundsteuer-nebenkosten-steigen-staedte-deutschland-zr-93507887.html
tz,Rote Bete und Apfel: Der gesunde Salat für jede Jahreszeit,http://www.tz.de/leben,13:28:00,https://www.tz.de/leben/einfach-tasty/rote-bete-und-apfel-der-gesunde-salat-fuer-jede-jahreszeit-93505930.html
tz,Moderne Erziehungstrends bringen Eltern an die Überlastungsgrenze,http://www.tz.de/leben,13:00:00,https://www.tz.de/leben/familie/eltern-ueberlastet-kinder-moderner-erziehungstrend-methode-stress-zr-93505650.html
tz,Kindergeld: Das sind die Auszahlungstermine für 2025 – mit Tabelle,http://www.tz.de/leben,12:30:00,https://www.tz.de/leben/karriere/kindergeld-2025-auszahlungstabelle-fuer-eltern-die-warten-zr-93508057.html
tz,Trotz Krankheit arbeiten? Warum Präsentismus ein unterschätztes Problem ist,http://www.tz.de/leben,12:00:00,https://www.tz.de/leben/karriere/krank-zur-arbeit-die-unterschaetzten-risiken-von-praesentismus-zr-93508203.html
tz,Diese „Game of Thrones“-Szene holte George R. R. Martin nach 13 Jahren ein,http://www.tz.de/leben,10:30:00,https://www.tz.de/leben/buchtipps/game-of-thrones-unerwartete-wendung-rote-hochzeit-diskussion-buchverfilmung-93506342.html
tz,"Nintendo Switch 2: Leaks verraten Release, Preis und erste Spiele",http://www.tz.de/leben,10:04:00,https://www.tz.de/leben/games/nintendo-switch-2-leaks-enthuellen-preis-und-release-spiele-ingame-zr-93509540.html
tz,Genuss-Frühstück in nur 15 Minuten: schnelles Rezept für köstliche Apfel-Pancakes,http://www.tz.de/leben,10:00:00,https://www.tz.de/leben/einfach-tasty/einfach-tasty-apfel-pancakes-rezept-suess-fluffig-und-einfach-zubereitet-zr-93508012.html
tz,"Winter-Suchbild: Finden Sie den Hund, der sich im Schnee versteckt?",http://www.tz.de/leben,09:30:00,https://www.tz.de/leben/tiere/winter-suchbild-finden-sie-den-hund-der-sich-im-schnee-versteckt-zr-93507355.html
tz,Vegane Wohlfühlküche: Deftige Kohlrouladen ohne Fleisch,http://www.tz.de/leben,09:15:00,https://www.tz.de/leben/einfach-tasty/kohlrouladen-aber-vegan-perfektes-gericht-fuer-kalte-tage-zr-93503935.html
tz,10 gesunde Snack-Ideen für den kleinen Hunger zwischendurch,http://www.tz.de/leben,07:41:00,https://www.tz.de/leben/einfach-tasty/kleinen-hunger-zwischendurch-10-gesunde-snack-ideen-fuer-den-zr-93497132.html
tz,Gut zu wissen: Mit diesem genial einfachen Trick wird Rosenkohl besonders schmackhaft,http://www.tz.de/leben,08:00:00,https://www.tz.de/leben/einfach-tasty/rosenkohl-kohl-gemuease-gesund-superfood-tipp-trick-genial-einfach-kochen-duensten-zr-93507928.html
tz,"Seltene Jobs: 20 Berufe, die kaum einer kennt",http://www.tz.de/leben,19:14:00,https://www.tz.de/leben/karriere/fischwirt-seltene-jobs-20-berufe-die-kaum-einer-kennt-kueschner-sattler-zr-93466972.html
tz,"Arbeitsmarktexperten verraten: Zwei Tipps, um 2025 Ihre Karriere zu beschleunigen",http://www.tz.de/leben,07:30:00,https://www.tz.de/leben/karriere/arbeitsmarktexperten-verraten-tipps-fuer-ihre-karriere-2025-zr-93508420.html
tz,Schmucker Stamm – elf Gartenbäume mit bildschöner Rinde,http://www.tz.de/leben,07:41:00,https://www.tz.de/leben/wohnen/schmucker-stamm-11-gartenbaeume-mit-bildschoenen-rinden-zr-93496371.html
tz,Gummibäume vermehren – so gelingt es für viele Ficus-Arten,http://www.tz.de/leben,07:51:00,https://www.tz.de/leben/garten/gummibaeume-vermehren-so-gelingt-es-fuer-viele-ficus-arten-zr-93503695.html
tz,Die zehn häufigsten Krankheiten in Deutschland,http://www.tz.de/leben,19:02:00,https://www.tz.de/leben/gesundheit/deutschland-krankgeschrieben-die-zehn-haeufigsten-krankheiten-in-zr-93503824.html
tz,Rote Pandas auf der Flucht: Schnee begünstigt Zoo-Ausbruch,http://www.tz.de/leben,07:51:00,https://www.tz.de/leben/tiere/rote-pandas-auf-der-flucht-schnee-beguenstigt-zoo-ausbruch-zr-93505829.html
tz,FC Bayern angeblich an Deutschlands Fußballer des Jahres 2022 dran,https://www.tz.de/,05:00:00,https://www.tz.de/sport/fc-bayern/fc-bayern-angeblich-an-deutschlands-fussballer-des-jahres-2022-dran-zr-93501972.html
tz,Pflegenotstand offenbart alarmierende Zahlen – die besten Experten-Tipps für Angehörige,https://www.tz.de/,21:20:00,https://www.tz.de/muenchen/stadt/pflegenotstand-in-muenchen-experten-geben-tipps-fuer-pflegeheime-und-ambulante-betreuung-93505285.html
tz,Alle Dschungelcamp-Kandidaten 2025 im Überblick: Daher kennt man sie,https://www.tz.de/,19:01:00,https://www.tz.de/stars/rtl-stars-australien-dschungelcamp-kandidaten-2025-ich-bin-ein-star-holt-mich-hier-raus-zr-93508285.html
tz,Frédéric Prinz von Anhalt in kritischem Zustand: Er schwebt in Lebensgefahr,https://www.tz.de/,20:11:00,https://www.tz.de/stars/frederic-prinz-von-anhalt-in-kritischem-zustand-er-schwebt-in-lebensgefahr-zr-93509934.html
tz,Direkt nach verwandeltem Elfer: Mario Basler wird auf Trage abtransportiert,https://www.tz.de/,14:49:00,https://www.tz.de/sport/fc-bayern/bayern-legende-basler-muss-mit-trage-abtransportiert-werden-zr-93509779.html
tz,Grundsteuer-Schock in Bayern: Wer jetzt mehr zahlen muss,https://www.tz.de/,18:02:00,https://www.tz.de/muenchen/stadt/teurer-schock-in-bayern-ueber-die-neue-grundsteuer-fuer-viele-wird-es-93508634.html
tz,Von dieser Tatsache wird Thomas Müller seine Zukunft beim FC Bayern abhängig machen,https://www.tz.de/,19:06:00,https://www.tz.de/sport/fc-bayern/nicht-was-fuer-eine-verlaengerung-von-thomas-mueller-beim-fc-bayern-spricht-und-was-zr-93509514.html
tz,Beliebte Kaki: So gesund ist die süße Winterfrucht,https://www.tz.de/,20:30:00,https://www.tz.de/leben/gesundheit/kaki-suess-gesund-winter-frucht-obst-orange-naehrstoffe-ballaststoffe-proteine-fruchtzucker-zucker-zr-93505636.html
tz,Bayern-Aufstellung in Gladbach ist raus: Kompany sorgt für Mittelfeld-Überraschung,https://www.tz.de/,17:31:00,https://www.tz.de/sport/fc-bayern/fc-bayern-voraussichtliche-aufstellung-borussia-moenchengladbach-neuer-musiala-upamecano-zr-93507701.html
tz,Bayern-Boss Eberl erwartet Spießrutenlauf – eskaliert es wieder?,https://www.tz.de/,11:46:00,https://www.tz.de/sport/fc-bayern/nach-geschmacklosen-anfeindungen-was-steht-eberl-in-gladbach-bevor-zr-93507877.html
tz,Deutscher Handballer und Norwegerin ein Traumpaar: WM steht an – folgt der nächste Schritt?,https://www.tz.de/,07:14:00,https://www.tz.de/sport/handball/deutscher-handballer-und-norwegerin-ein-traumpaar-wm-steht-an-folgt-der-naechste-schritt-93505979.html
tz,"Aufgepasst, Bayern-Fans: Hinrunden-Abschluss live im Free-TV",https://www.tz.de/,07:27:00,https://www.tz.de/sport/fc-bayern/aufgepasst-bayern-fans-hinrunden-abschluss-live-im-free-tv-93507661.html
tz,Testen Sie Ihr Wissen: Wie heißt das bekannteste Gasthaus in den „Harry Potter“-Romanen?,https://www.tz.de/,01:00:00,https://www.tz.de/quiz/testen-sie-ihr-wissen-wie-heisst-das-bekannteste-gasthaus-in-den-harry-potter-romanen-zr-93503085.html
tz,Philipp Lahm veröffentlicht seltenes Familienbild mit seinen Kindern,https://www.tz.de/,07:28:00,https://www.tz.de/sport/fussball/philipp-lahm-veroeffentlicht-seltenes-familienbild-mit-seinen-kindern-zr-93507201.html
tz,Feuerdrama in München: Brennende Autos in Bogenhausen,https://www.tz.de/,12:44:00,https://www.tz.de/muenchen/stadt/feuerdrama-in-muenchen-brennende-autos-in-bogenhausen-93509680.html
tz,Erster Winter-Abgang des FC Bayern wohl fix,https://www.tz.de/,13:21:00,https://www.tz.de/sport/fc-bayern/erster-winter-abgang-des-fc-bayern-wohl-fix-transfer-zr-93509709.html
tz,Trotz Todesfall in der Familie: Moderatorin bei Bundesliga-Topspiel im Einsatz,https://www.tz.de/,11:56:00,https://www.tz.de/sport/fussball/moderatorin-trotz-trauerfall-bei-bundesliga-topspiel-im-einsatz-andrea-kaiser-93509642.html
tz,Warum Sie diesen Muskel beim Armtraining nicht vernachlässigen sollten – die besten Übungen,https://www.tz.de/,19:16:00,https://www.tz.de/leben/fitness/armstrecker-trizeps-trainieren-die-besten-uebungen-fuer-den-zr-93496537.html
tz,Winterjasmin blüht nicht? An diesen vier Ursachen liegt es,https://www.tz.de/,07:42:00,https://www.24garten.de/pflanzen/winterjasmin-blueht-nicht-diese-vier-ursachen-koennten-dahinterstecken-93501382.html
tz,"Streit um Hunde-Urin: Wo darf der Hund pinkeln, wenn er muss?",https://www.tz.de/,19:00:00,https://www.landtiere.de/hunde/streit-um-hunde-urin-wo-darf-der-hund-pinkeln-wenn-er-muss-93505728.html
tz,Ordnung im Auto: Mit diesen Tipps ist stets alles an Ort und Stelle,https://www.tz.de/,07:40:00,https://www.24auto.de/service/ordnung-im-auto-mit-diesen-tipps-ist-stets-alles-an-ort-und-stelle-93507967.html
tz,„So kannst du keine Verkalkung deiner Gefäße bekommen“: Besser essen mit Lucki Maurer und Johann Lafer,https://www.tz.de/,18:02:00,https://www.tz.de/muenchen/region/essen-mit-lucki-maurer-und-johann-lafer-so-kannst-du-keine-verkalkung-deiner-gefaesse-bekommen-besser-93502123.html
tz,Diskussion um Böllerverbot an Silvester: München-OB Reiter will Bürgerentscheid,https://www.tz.de/,18:02:00,https://www.tz.de/muenchen/stadt/ob-will-buergerentscheid-boellerverbot-ja-oder-nein-muenchner-93507520.html
tz,Diese Allgäuer Therme gehört zu den besten in Deutschland,https://www.tz.de/,19:11:00,https://www.tz.de/bayern/100-wellness-sauna-allgaeu-therme-besten-deutschland-bad-woerishofen-ranking-top-zr-93496784.html
tz,Jahresvorschau 2025 für Pasing-Obermenzing: Stau bei Verkehrsprojekten und Bewegung bei Sportangebot,https://www.tz.de/,18:02:00,https://www.tz.de/muenchen/stadt/hallo-muenchen/angebot-muenchen-jahresvorschau-2025-pasing-obermenzing-stau-verkehr-projekte-sport-93504214.html
tz,Dschungelcamp-Teilnahme in Gefahr? Entscheidung um Lilly Becker ist gefallen,https://www.tz.de/,20:15:00,https://www.tz.de/stars/dschungelcamp-teilnahme-in-gefahr-entscheidung-um-lilly-becker-ist-gefallen-zr-93505035.html
tz,"„Das verrückteste, was mir je passiert ist“ – Frau findet Schatz in antikem Möbelstück",https://www.tz.de/,20:00:00,https://www.tz.de/verbraucher/verrueckteste-was-mir-je-passiert-ist-frau-findet-schatz-antikem-moebelstueck-anrichte-teller-hermes-zr-93509983.html
tz,Weltweiter Rückruf für Stanley Cups wegen Gefahr von Verbrennungen – Was Kunden wissen müssen,https://www.tz.de/,19:20:00,https://www.tz.de/verbraucher/weltweiter-rueckruf-fuer-stanley-cups-wegen-gefahr-von-verbrennungen-was-kunden-wissen-muessen-zr-93476920.html
tz,Großangelegter Rückruf von Tierfutter-Produkten – Kann zu Durchfall und Erbrechen bei Hunden und Katzen führen,https://www.tz.de/,19:20:00,https://www.tz.de/verbraucher/grossangelegter-rueckruf-von-tierfutter-produkten-kann-zu-durchfall-und-erbrechen-bei-hunden-und-katzen-fuehren-zr-93509418.html
tz,Tipps für eisfreie Autoscheiben im Inneren: So behalten Sie den Durchblick,https://www.tz.de/,19:20:00,https://www.tz.de/verbraucher/tipps-fuer-eisfreie-autoscheiben-im-inneren-so-behalten-sie-den-durchblick-zr-93493958.html
tz,Havarierter Öltanker kommt auf Reede vor Sassnitz auf Rügen,https://www.tz.de/,21:17:00,https://www.tz.de/welt/havarierter-oeltanker-kommt-auf-reede-vor-sassnitz-auf-ruegen-zr-93509852.html
tz,Irritationen im Netz: Honda-Showcar sieht aus wie ein legendärer Sportwagen,https://www.tz.de/,11:00:00,https://www.tz.de/auto/irritationen-im-netz-honda-showcar-sieht-aus-wie-ein-sportwagen-lamborghini-zr-93509567.html
tz,"Stoppschild: Was droht, wenn man die Vorschriften missachtet?",https://www.tz.de/,07:53:00,https://www.tz.de/auto/stoppschild-was-droht-wenn-man-die-vorschriften-missachtet-zr-93507890.html
tz,Während AfD-Parteitag: Linke-Politiker wohl von Polizist bewusstlos geschlagen,https://www.tz.de/,21:42:00,https://www.tz.de/politik/waehrend-afd-parteitag-linke-politiker-von-polizist-bewusstlos-geschlagen-zr-93510022.html
tz,BSW fordert Abschaffung der Zusatzbeiträge für Krankenkassen: Pläne sind nichts als „Utopien“,https://www.tz.de/,21:12:00,https://www.tz.de/wirtschaft/bsw-fordert-abschaffung-der-zusatzbeitraege-fuer-krankenkassen-zr-93510009.html
tz,2000 Euro steuerfreie Rente und Senkung des Rentenalters: BSW plant „enorme Verluste“ für Deutschland,https://www.tz.de/,21:12:00,https://www.tz.de/wirtschaft/2000-euro-steuerfreie-rente-und-senkung-des-rentenalters-bsw-plan-bedeutet-enorme-verluste-zr-93510008.html
tz,Heute bei Netto: 56 % Rabatt auf Ninja Heißluftfritteuse,https://www.tz.de/,19:14:00,https://www.tz.de/produktempfehlung/heute-bei-netto-56-rabatt-auf-ninja-heissluftfritteuse-zr-93479533.html
tz,Anspruch auf Bürgergeld: Diese Gruppen können nicht Empfänger der Leistung werden,http://www.tz.de/wirtschaft,17:29:00,https://www.tz.de/wirtschaft/anspruch-auf-buergergeld-wer-kann-die-grundsicherung-nicht-beziehen-zr-93509894.html
tz,Deutsche Autos im Test: Das ist das schmutzigster aller Autos,http://www.tz.de/wirtschaft,15:17:00,https://www.tz.de/wirtschaft/autos-verbrenner-und-co-adac-liste-zeigt-saubermaenner-und-schmutzfinken-zr-93509802.html
tz,Neue Sanktionen treffen Russlands Wirtschaft hart – bedeutender Verbündeter lässt Putin im Stich,http://www.tz.de/wirtschaft,17:58:00,https://www.tz.de/wirtschaft/neue-sanktionen-treffen-russlands-wirtschaft-hart-bedeutender-verbuendeter-laesst-putin-im-stich-zr-93509722.html
tz,Volkswagen ist gezwungen zu sparen: Mitarbeiter mit hohen Gehältern müssen Einbußen erwarten,http://www.tz.de/wirtschaft,18:01:00,https://www.tz.de/wirtschaft/volkswagen-ist-gezwungen-zu-sparen-mitarbeiter-mit-hohen-gehaeltern-muessen-einbussen-erwarten-zr-93509707.html
tz,Explodierende Beiträge: Deutschlands größte Krankenkasse kündigt nächste Erhöhung an,http://www.tz.de/wirtschaft,14:50:00,https://www.tz.de/wirtschaft/explodierende-beitraege-deutschlands-groesste-krankenkasse-kuendigt-naechste-erhoehung-an-zr-93509672.html
tz,Der Traum vom Eigenheim: Dieses Netto-Einkommen braucht man heute für den Hauskauf,http://www.tz.de/wirtschaft,14:50:00,https://www.tz.de/wirtschaft/so-viel-muessen-sie-jahreseinkommen-haus-leisten-zu-koennen-immobilie-eigentum-wohnung-zr-93509613.html
tz,Internationaler Möbelhändler verlässt Deutschland – und streicht 730 Stellen,http://www.tz.de/wirtschaft,15:15:00,https://www.tz.de/wirtschaft/internationaler-moebelhaendler-verlaesst-deutschland-und-streicht-730-stellen-zr-93509602.html
tz,Industrie in Panik vor Deindustrialisierung: Diese Sofort-Maßnahmen werden gefordert,http://www.tz.de/wirtschaft,10:59:00,https://www.tz.de/wirtschaft/industrie-in-panik-vor-deindustrialisierung-diese-sofort-massnahmen-werden-jetzt-gefordert-zr-93509590.html
tz,Einer der gefährlichsten Schrotttanker bedroht die Ostsee: „Öl-Unfall wäre Katastrophe“,http://www.tz.de/wirtschaft,17:58:00,https://www.tz.de/wirtschaft/einer-der-gefaehrlichsten-schrotttanker-bedroht-die-ostsee-oel-unfall-waere-katastrophe-zr-93509534.html
tz,Deutscher Autozulieferer meldet deutlichen Umsatz-Rückgang: Drittes Werk muss 2025 schließen,http://www.tz.de/wirtschaft,09:45:00,https://www.tz.de/wirtschaft/deutscher-autozulieferer-meldet-deutlichen-umsatz-rueckgang-drittes-werk-muss-2025-schliessen-zr-93509386.html
tz,Nach Bürgergeld-Nullrunde: Heil gibt Prognose für nächste Erhöhung ab,http://www.tz.de/wirtschaft,09:29:00,https://www.tz.de/wirtschaft/nach-buergergeld-nullrunde-heil-gibt-prognose-fuer-naechste-erhoehung-ab-zr-93509357.html
tz,Ikea steht plötzlich in Nordkorea: Schweden geschockt über Bilder in sozialen Medien,http://www.tz.de/wirtschaft,14:50:00,https://www.tz.de/wirtschaft/ikea-in-pjoengjang-nordkoreaner-lieben-westliche-markenware-zr-93509445.html
tz,Finanziell erfolgreich ins neue Jahr: Das sollten Sie sich 2025 unbedingt vornehmen,http://www.tz.de/wirtschaft,08:54:00,https://www.tz.de/wirtschaft/fuenf-finanz-ziele-fuer-mehr-geld-in-2025-so-klappt-zr-93509487.html
tz,Habeck kündigt harte Gangart gegenüber Trump an: Tech-Giganten sollen Zoll-Streit ausbaden,http://www.tz.de/wirtschaft,08:52:00,https://www.tz.de/wirtschaft/habeck-kuendigt-harte-gangart-gegenueber-trump-an-zr-93509484.html
tz,"Günstiger, grüner Strom für Unternehmen: Viele kennen diese Lösung noch nicht",http://www.tz.de/wirtschaft,14:49:00,https://www.tz.de/wirtschaft/guenstiger-gruener-strom-fuer-unternehmen-viele-kennen-diese-loesung-noch-nicht-zr-93509467.html
tz,500 Euro mehr Rente im Alter: So geht man entspannt in den Lebensabend,http://www.tz.de/wirtschaft,08:21:00,https://www.tz.de/wirtschaft/mehr-rente-im-alter-diese-optionen-haben-sie-bei-der-privaten-vorsorge-93509463.html
tz,Panzer auf Kosten der Rente? Neue Anforderungen sorgen für Aufregung,http://www.tz.de/wirtschaft,14:48:00,https://www.tz.de/wirtschaft/panzer-auf-kosten-der-rente-neue-anforderungen-sorgen-fuer-aufregung-zr-93509427.html
tz,EU sieht Attraktivität Europas für die Wirtschaft schwinden,http://www.tz.de/wirtschaft,06:14:00,https://www.tz.de/wirtschaft/eu-sieht-attraktivitaet-europas-fuer-die-wirtschaft-schwinden-zr-93509407.html
tz,Brückenabriss und Einbahnstraße: Auch 2025 spürbare Einschränkungen durch Bau der Tram-Westtangente in München,http://www.tz.de/muenchen,16:00:00,https://www.tz.de/muenchen/stadt/hallo-muenchen/muenchen-laim-nymphenburg-baustellen-2025-tram-westtangente-bahnhof-aufzug-bruecke-buslinien-93505278.html
tz,„Ton wird rauer“: Warum BA-Chef aus Trudering-Riem trotzdem mit Vorfreude auf 2025 blickt,http://www.tz.de/muenchen,14:30:00,https://www.tz.de/muenchen/stadt/hallo-muenchen/muenchen-trudering-riem-bauma-2025-schulcampus-messestadt-sport-kultur-gehwegparken-93505452.html
tz,Für mehr Empathie und Reflexion: Sendlinger Kulturschmiede zeigt Bilder aus 50 Jahren Sozialarbeit,http://www.tz.de/muenchen,12:00:00,https://www.tz.de/muenchen/stadt/hallo-muenchen/muenchen-sozialarbeit-ausstellung-fotos-bilder-kulturschmiede-sendling-jugendzentrum-93505665.html
tz,"„Haben Angst, dass die Kinder Durchfall bekommen“: Ekel-Toiletten in Münchner Schulzentrum",http://www.tz.de/muenchen,11:43:00,https://www.tz.de/muenchen/stadt/allach-untermenzing-ekel-toiletten-im-schulzentrum-hier-geht-keiner-freiwillig-aufs-klo-93508558.html
tz,Neue Fakten im Parkhausmord: „Das angenommene Tatgeschehen ist völlig auf den Kopf gestellt“,http://www.tz.de/muenchen,10:28:00,https://www.tz.de/muenchen/stadt/muenchen-neue-fakten-im-parkhausmord-das-angenommene-tatgeschehen-ist-auf-den-kopf-gestellt-93508633.html
tz,„Seelische Belastung der Geschädigten“: Knallhart-Strafe für Einbrecher,http://www.tz.de/muenchen,07:31:00,https://www.tz.de/muenchen/stadt/seelische-belastung-der-geschaedigten-knallhart-strafe-fuer-einbrecher-93508760.html
tz,Neuanfang aus Trümmern: „Stunde null?“-Programm mit 220 Veranstaltungen in München,http://www.tz.de/muenchen,11:00:00,https://www.tz.de/muenchen/stadt/hallo-muenchen/muenchen-zweiter-weltkrieg-stunde-null-programm-2025-kriegsende-neuanfang-innenstadt-geschichte-93506047.html
tz,„Personal & Wohnungen“: Oberhachings Bürgermeister über Projekte im Jahr 2025,http://www.tz.de/muenchen,10:30:00,https://www.tz.de/muenchen/region/hallo-muenchen/oberhaching-jahresvorschau-2025-wohnungen-personal-klimawandel-geothermie-schulcampus-93505410.html
tz,"Radentscheid, Lindwurmstraße, Mobilitätspunkte: Verkehr in Ludwigsvorstadt-Isarvorstadt 2025 im Fokus",http://www.tz.de/muenchen,09:00:00,https://www.tz.de/muenchen/stadt/hallo-muenchen/muenchen-ludwigs-isarvorstadt-verkehr-radweg-lindwurmstrasse-superblocks-mobilitaet-theresienwiese-93505627.html
tz,Wegen Gebäude-Abriss: Ende des Moosacher Kunsttreffs – Wie es nach letzter Ausstellung weitergeht,http://www.tz.de/muenchen,08:00:00,https://www.tz.de/muenchen/stadt/hallo-muenchen/muenchen-moosach-kunst-atelier-treff-ausstellung-gebaeude-abriss-kuenstler-sanierung-93505580.html
tz,"„Works on Skin“ bietet Kunstwerke zum Tätowieren: Bilder, die unter die Haut gehen",http://www.tz.de/muenchen,11:18:00,https://www.tz.de/muenchen/kultur/works-on-skin-bietet-kunst-zum-taetowieren-eine-bestechende-idee-zr-93509605.html
tz,Lisa Müller meldet sich mit überraschendem Post zurück,http://www.tz.de/muenchen,05:00:00,https://www.tz.de/sport/fc-bayern/lisa-mueller-meldet-sich-mit-ueberraschendem-post-zurueck-zr-93508821.html?trafficsource=idTopBox
tz,Feuerdrama in München: Brennende Autos in Bogenhausen,http://www.tz.de/muenchen,12:44:00,https://www.tz.de/muenchen/stadt/feuerdrama-in-muenchen-brennende-autos-in-bogenhausen-93509680.html?trafficsource=idTopBox
tz,Strittiger Elfmeter: Kane erlöst wackelige Bayern vom Punkt,http://www.tz.de/muenchen,20:50:00,https://www.tz.de/sport/fc-bayern/gladbach-fc-bayern-heute-live-ticker-aufstellung-vincent-kompany-thomas-mueller-zr-93509867.html?trafficsource=idTopBox
tz,Grundsteuer-Schock in Bayern: Wer jetzt mehr zahlen muss,http://www.tz.de/muenchen,18:02:00,https://www.tz.de/muenchen/stadt/teurer-schock-in-bayern-ueber-die-neue-grundsteuer-fuer-viele-wird-es-93508634.html?trafficsource=idTopBox
tz,Wirbel um Après-Ski-Video in Tirol: Bürgermeister sieht „erschreckende“ Szenen – Konsequenzen folgen,http://www.tz.de/muenchen,09:49:00,https://www.tz.de/welt/wirbel-um-apre-ski-video-in-tirol-buergermeister-sieht-erschreckende-szenen-93509513.html?trafficsource=idTopBox
tz,"Grünwalder Stadion, Menterschwaige, Schwimmkurse: Was Untergiesing-Harlaching 2025 beschäftigen wird",http://www.tz.de/muenchen,07:00:00,https://www.tz.de/muenchen/stadt/hallo-muenchen/muenchen-jahresvorschau-2025-untergiesing-harlaching-schwimmbad-grundschule-gruenwalder-93503774.html
tz,Keine Unterkunft für Geflüchtete „An den Schrederwiesen“ in München – wo nun Plätze entstehen sollen,http://www.tz.de/muenchen,18:02:00,https://www.tz.de/muenchen/stadt/hallo-muenchen/ludwigsfeld-hasenbergl-muenchen-keine-unterkunft-fuer-gefluechtete-an-den-schrederwiesen-ob-reiter-93407292.html
tz,"Immobilie für 1,1 Millionen zu verkaufen",http://www.tz.de/muenchen,18:02:00,https://www.tz.de/muenchen/stadt/zu-verkaufen-wohnen-im-denkmal-edel-immobilie-fuer-millionen-93507935.html
tz,US-Untersuchung zeigt: Reflektorkleidung kann Auto-Notbremssysteme lahmlegen,http://www.tz.de/auto,07:40:00,https://www.tz.de/auto/us-untersuchung-zeigt-reflektorkleidung-kann-auto-notbremssysteme-lahmlegen-zr-93508196.html
tz,Durch Warnkleidung unsichtbar: Reflektorstreifen können Auto-Notbremssysteme täuschen,http://www.tz.de/auto,07:40:00,https://www.tz.de/auto/durch-warnkleidung-unsichtbar-reflektorstreifen-koennen-auto-notbremssysteme-taeuschen-zr-93507523.html
tz,Der Sechser wird zum zweiten Elektroauto bei Mazda,http://www.tz.de/auto,04:52:00,https://www.tz.de/auto/bei-mazda-der-sechser-wird-zum-zweiten-elektroauto-zr-93507331.html
tz,Winterliche Autoprobleme: So reagieren Sie korrekt,http://www.tz.de/auto,07:39:00,https://www.tz.de/auto/winterliche-autoprobleme-so-reagieren-sie-korrekt-zr-93506123.html
tz,MPU: So kostspielig kann der „Idiotentest“ für Autofahrer werden,http://www.tz.de/auto,07:38:00,https://www.tz.de/auto/mpu-so-kostspielig-kann-der-idiotentest-fuer-autofahrer-werden-zr-93505685.html
tz,Ab sofort Oldtimer: Diese 15 Automodelle bekommen 2025 das H-Kennzeichen,http://www.tz.de/auto,18:58:00,https://www.tz.de/auto/kennzeichen-mercedes-e-klasse-ferrari-f50-vw-sharan-oldtimer-2025-15-automodelle-h-zr-93484072.html
tz,E-Auto von Sony kommt: Was der Afeela 1 kann – und was er kostet,http://www.tz.de/auto,07:39:00,https://www.tz.de/auto/auto-von-sony-kommt-was-der-afeela-kann-und-was-er-kostet-zr-93505321.html
tz,Autoscheibe freikratzen: Was hilft – und was sollte man besser sein lassen?,http://www.tz.de/auto,07:53:00,https://www.tz.de/auto/autoscheibe-freikratzen-was-hilft-und-was-sollte-man-besser-sein-lassen-93503965.html
tz,Stau-Ranking 2024: In welchen deutschen Metropolen Autofahrer besonders viel Geduld brauchen,http://www.tz.de/auto,07:39:00,https://www.tz.de/auto/stau-ranking-2024-in-welchen-deutschen-metropolen-autofahrer-besonders-viel-geduld-brauchen-zr-93503932.html
tz,Probezeit beim Führerschein: Bei welchen Regelverstößen die Fahrerlaubnis entzogen wird,http://www.tz.de/auto,05:04:00,https://www.tz.de/auto/probezeit-beim-fuehrerschein-bei-welchen-regelverstoessen-die-fahrerlaubnis-entzogen-wird-zr-93503115.html
tz,Stau-Hot-Spots in Deutschland: Wo 2024 besonders viel Geduld gefragt war,http://www.tz.de/auto,07:38:00,https://www.tz.de/auto/stau-hot-spots-in-deutschland-wo-2024-besonders-viel-geduld-gefragt-war-zr-93503715.html
tz,„Mir wird schwindlig“: Robotaxi dreht auf Parkplatz Kreise in Dauerschleife – mit Fahrgast an Bord,http://www.tz.de/auto,07:38:00,https://www.tz.de/auto/mir-wird-schwindlig-robotaxi-dreht-auf-parkplatz-kreise-in-dauerschleife-mit-fahrgast-an-bord-zr-93501967.html
tz,"Alkohol am Steuer: Sind Sie mit weniger als 0,5 Promille auf der sicheren Seite?",http://www.tz.de/auto,07:39:00,https://www.tz.de/auto/alkohol-am-steuer-sind-sie-mit-weniger-als-promille-auf-der-sicheren-seite-zr-93501218.html
tz,Energy Drinks auf dem Prüfstand: Red Bull und Co. gegen günstige Alternativen,http://www.tz.de/verbraucher,06:41:00,https://www.tz.de/verbraucher/energy-drinks-auf-dem-pruefstand-red-bull-und-co-gegen-guenstige-alternativen-93509266.html
tz,Großer Tierfutter-Rückruf bei Fressnapf: Bei Verzehr können Hunde und Katzen ernsthaft erkranken,http://www.tz.de/verbraucher,06:40:00,https://www.tz.de/verbraucher/grosser-tierfutter-rueckruf-bei-fressnapf-bei-verzehr-koennen-hunde-und-katzen-ernsthaft-erkranken-93509158.html
tz,Mitarbeiter hinterlässt Wut-Zettel im Supermarkt: „Dann werde ich zum Rüdiger“,http://www.tz.de/verbraucher,05:07:00,https://www.tz.de/verbraucher/mitarbeiter-hinterlaesst-wut-zettel-im-supermarkt-dann-werde-ich-zum-ruediger-93504314.html
tz,Supermarkt-Zettel an Kühltheke mit fünf Ausrufezeichen: „Wie war das mit dem gesunden Menschenverstand?“,http://www.tz.de/verbraucher,07:13:00,https://www.tz.de/verbraucher/supermarkt-zettel-an-kuehltheke-mit-fuenf-ausrufezeichen-wie-war-das-mit-dem-gesunden-menschenverstand-93501881.html
tz,„Klassisches Eigentor“: Paketshop führt kranken Mitarbeiter mit Aushang vor,http://www.tz.de/verbraucher,05:07:00,https://www.tz.de/verbraucher/klassisches-eigentor-paketshop-fuehrt-kranken-mitarbeiter-mit-aushang-vor-93501277.html
tz,Wut-Zettel an Papiertonne greift Müll-Mythos auf: Wo kommen Pizzakartons hin?,http://www.tz.de/verbraucher,05:03:00,https://www.tz.de/verbraucher/wut-zettel-an-papiertonne-greift-muell-mythos-auf-wo-kommen-pizzakartons-hin-93507627.html
nachrichten-muenchen,Tingström und Gotthardt sichern sich Tourcard,https://www.nachrichten-muenchen.com/,15:32:46,https://www.nachrichten-muenchen.com/tingstroem-und-gotthardt-sichern-sich-tourcard/214491/
nachrichten-muenchen,Mehrere Pkw in Flammen – Bogenhausen,https://www.nachrichten-muenchen.com/,12:42:34,https://www.nachrichten-muenchen.com/mehrere-pkw-in-flammen-bogenhausen/214498/
nachrichten-muenchen,Red Bull München holt einen Zähler im Topspiel gegen Bremerhaven – Rekordspieler Kastner zieht mit Boyle gleich,https://www.nachrichten-muenchen.com/,06:42:30,https://www.nachrichten-muenchen.com/red-bull-muenchen-holt-einen-zaehler-im-topspiel-gegen-bremerhaven-rekordspieler-kastner-zieht-mit-boyle-gleich/214493/
